Open,High,Low,Close,Volume,market_cap
2.5927269695998327,2.5927269695998327,2.5927269695998327,2.5927269695998327,13898192078.521193,148089387443.7888
2.6181421664576834,2.6181421664576834,2.6181421664576834,2.6181421664576834,10399952121.56792,149556382944.37164
2.2158470487122726,2.2158470487122726,2.2158470487122726,2.2158470487122726,20516080397.568897,126541301099.97853
2.353484807585262,2.353484807585262,2.353484807585262,2.353484807585262,29173861101.339516,134366804425.19778
2.4008764282936887,2.4008764282936887,2.4008764282936887,2.4008764282936887,15899075206.770046,137137516260.63844
2.342883102571944,2.342883102571944,2.342883102571944,2.342883102571944,11764450479.740368,134039705285.1272
2.420254114567228,2.420254114567228,2.420254114567228,2.420254114567228,10210708750.872633,138341252309.82007
2.3977637797048517,2.3977637797048517,2.3977637797048517,2.3977637797048517,8261437423.651819,137201303559.24551
2.4558394900030756,2.4558394900030756,2.4558394900030756,2.4558394900030756,6560100595.864213,140694946111.10138
2.4936338652184777,2.4936338652184777,2.4936338652184777,2.4936338652184777,13981664984.767004,142688879208.51086
2.5561912510090092,2.5561912510090092,2.5561912510090092,2.5561912510090092,14678437514.774538,146207554966.0596
2.2976668809594236,2.2976668809594236,2.2976668809594236,2.2976668809594236,19736815651.813995,131273275335.39302
2.255279457563669,2.255279457563669,2.255279457563669,2.255279457563669,21062431962.10383,129714340650.10556
2.273996883525255,2.273996883525255,2.273996883525255,2.273996883525255,24697654647.91057,129981103119.06401
2.236596962769888,2.236596962769888,2.236596962769888,2.236596962769888,13839484154.079449,127675851842.47113
2.1983060900755347,2.1983060900755347,2.1983060900755347,2.1983060900755347,10514832661.665255,126002620224.90738
2.2548840492056637,2.2548840492056637,2.2548840492056637,2.2548840492056637,9514499269.525232,129118625050.65549
2.3273593261078007,2.3273593261078007,2.3273593261078007,2.3273593261078007,5432535821.124748,133008444957.98181
2.2971897897775637,2.2971897897775637,2.2971897897775637,2.2971897897775637,3322151976.469681,131574173973.22885
2.154071423410433,2.154071423410433,2.154071423410433,2.154071423410433,4873873373.23111,123818838011.45384
2.14158677198617,2.14158677198617,2.14158677198617,2.14158677198617,4902016228.946082,122935306457.48709
2.180869510101245,2.180869510101245,2.180869510101245,2.180869510101245,2525595970.0449395,125229822421.2995
2.095671915727654,2.095671915727654,2.095671915727654,2.095671915727654,2675953522.389836,120314515334.02428
2.056730467743344,2.056730467743344,2.056730467743344,2.056730467743344,6059015353.124691,117950842451.00076
2.079333460354608,2.079333460354608,2.079333460354608,2.079333460354608,4128284760.622494,119440097047.7968
2.315149796797427,2.315149796797427,2.315149796797427,2.315149796797427,6878704641.749808,132989230251.90656
2.40463192614464,2.40463192614464,2.40463192614464,2.40463192614464,7459376387.38519,138114900580.5372
2.4548598712183725,2.4548598712183725,2.4548598712183725,2.4548598712183725,5864224741.784014,140904684872.33817
2.4239342995923985,2.4239342995923985,2.4239342995923985,2.4239342995923985,4561813417.310058,139171492627.42844
2.403897929295378,2.403897929295378,2.403897929295378,2.403897929295378,4325348371.227318,138016718840.73596
2.4191703139906173,2.4191703139906173,2.4191703139906173,2.4191703139906173,4601519396.54358,138948192568.01584
2.277173382256464,2.277173382256464,2.277173382256464,2.277173382256464,6652119689.816548,130820594444.53995
2.3749601881392275,2.3749601881392275,2.3749601881392275,2.3749601881392275,7697257372.31326,136415155142.45451
2.2766790697699415,2.2766790697699415,2.2766790697699415,2.2766790697699415,5639756658.075597,131013170943.18855
2.34255697398572,2.34255697398572,2.34255697398572,2.34255697398572,4846732925.585662,134623347999.18698
2.5750017025465097,2.5750017025465097,2.5750017025465097,2.5750017025465097,6968218335.110517,148073207239.45142
2.506265236852104,2.506265236852104,2.506265236852104,2.506265236852104,4880658835.456561,143972439143.77383
2.521790688596697,2.521790688596697,2.521790688596697,2.521790688596697,9352507594.244612,144973001160.1348
2.665683799958985,2.665683799958985,2.665683799958985,2.665683799958985,7423364604.740665,153183275031.40637
3.1717669545860816,3.1717669545860816,3.1717669545860816,3.1717669545860816,23417331296.55123,182346998821.3068
3.2435591355149156,3.2435591355149156,3.2435591355149156,3.2435591355149156,24889336467.66615,186758698075.1875
3.3071606262102122,3.3071606262102122,3.3071606262102122,3.3071606262102122,13491956428.691526,190386076856.00772
3.2791397325625398,3.2791397325625398,3.2791397325625398,3.2791397325625398,10204987556.110008,188798080040.87268
2.9594983276278826,2.9594983276278826,2.9594983276278826,2.9594983276278826,13089511624.10229,171067792033.8191
3.0942466604471988,3.0942466604471988,3.0942466604471988,3.0942466604471988,18183898272.877342,178304533111.39474
3.17189708695212,3.17189708695212,3.17189708695212,3.17189708695212,9483639114.30823,182080583719.03888
3.165211637985352,3.165211637985352,3.165211637985352,3.165211637985352,7359947674.323075,182211918798.90054
3.1221750787983638,3.1221750787983638,3.1221750787983638,3.1221750787983638,7860588482.871526,179846211928.48206
3.1030936929352904,3.1030936929352904,3.1030936929352904,3.1030936929352904,6165183598.347699,178687952164.23227
3.1112088914665423,3.1112088914665423,3.1112088914665423,3.1112088914665423,3013156759.4045396,179333230200.2371
3.0173114670832017,3.0173114670832017,3.0173114670832017,3.0173114670832017,3093938754.203019,174315205302.41763
3.050802421938607,3.050802421938607,3.050802421938607,3.050802421938607,14811833894.587118,175549811985.1664
3.0611147556516607,3.0611147556516607,3.0611147556516607,3.0611147556516607,8515976594.593953,176293961831.06848
3.0691756838533526,3.0691756838533526,3.0691756838533526,3.0691756838533526,6362709455.940402,177065119441.67078
3.1319365812312867,3.1319365812312867,3.1319365812312867,3.1319365812312867,4444654575.269272,180743899111.4196
3.0378089439522897,3.0378089439522897,3.0378089439522897,3.0378089439522897,4079932391.7375703,175326105898.6084
2.8808649918084224,2.8808649918084224,2.8808649918084224,2.8808649918084224,4285675849.353482,166457043070.02295
2.5701343337873217,2.5701343337873217,2.5701343337873217,2.5701343337873217,13660382309.418026,147851780048.77136
2.692671869551836,2.692671869551836,2.692671869551836,2.692671869551836,31670736568.02988,155372328311.50732
2.5396358959727894,2.5396358959727894,2.5396358959727894,2.5396358959727894,12051077026.669235,146391101372.16553
2.382739358632423,2.382739358632423,2.382739358632423,2.382739358632423,6660157683.363499,137388137146.75491
2.3220918869431886,2.3220918869431886,2.3220918869431886,2.3220918869431886,6304942916.816331,134102194064.824
2.392435922501591,2.392435922501591,2.392435922501591,2.392435922501591,7913782642.824578,137991646571.74292
2.4256391631678023,2.4256391631678023,2.4256391631678023,2.4256391631678023,3450039945.4201026,140105845431.88702
2.3984218500627317,2.3984218500627317,2.3984218500627317,2.3984218500627317,4110259067.581117,138409786399.36917
2.4205102148292257,2.4205102148292257,2.4205102148292257,2.4205102148292257,4147958037.3114934,139801386331.32983
2.415999707081464,2.415999707081464,2.415999707081464,2.415999707081464,4814243274.422465,139710665798.44403
2.471858085297504,2.471858085297504,2.471858085297504,2.471858085297504,4845109298.913685,142635962453.91898
2.5469915483007073,2.5469915483007073,2.5469915483007073,2.5469915483007073,4437008065.063592,147228408835.623
2.7396888464817004,2.7396888464817004,2.7396888464817004,2.7396888464817004,7692468675.335378,158349869676.88498
2.761982091436805,2.761982091436805,2.761982091436805,2.761982091436805,3946216492.011967,159697712640.8593
2.7251894289423855,2.7251894289423855,2.7251894289423855,2.7251894289423855,2966410173.436753,157590298702.77087
2.657177556541445,2.657177556541445,2.657177556541445,2.657177556541445,4243544437.8198156,153528550403.44104
2.5598643991689105,2.5598643991689105,2.5598643991689105,2.5598643991689105,4627790087.108664,147965082000.5594
2.735199200390807,2.735199200390807,2.735199200390807,2.735199200390807,4421689360.016513,158268061805.8835
2.692229831317779,2.692229831317779,2.692229831317779,2.692229831317779,3770413761.6316905,155803376373.91476
2.5717797656907977,2.5717797656907977,2.5717797656907977,2.5717797656907977,5146660908.7574835,148872353458.57578
2.575864230459674,2.575864230459674,2.575864230459674,2.575864230459674,2039899166.1574712,149186293144.36478
2.5798851271909053,2.5798851271909053,2.5798851271909053,2.5798851271909053,2072248429.8119543,149332625214.34015
2.276184020826259,2.276184020826259,2.276184020826259,2.276184020826259,7132791349.200123,131520287326.65497
2.3223450440589835,2.3223450440589835,2.3223450440589835,2.3223450440589835,11111605787.309338,134627197923.42966
2.189561722001525,2.189561722001525,2.189561722001525,2.189561722001525,5936591863.896251,126766064785.14323
2.198289525306682,2.198289525306682,2.198289525306682,2.198289525306682,4202173606.0705705,127370369245.55621
2.1465990447641925,2.1465990447641925,2.1465990447641925,2.1465990447641925,7266804533.901892,124392769084.65245
2.1894731626978965,2.1894731626978965,2.1894731626978965,2.1894731626978965,2722347817.663738,126879303287.73642
2.9400745785854188,2.9400745785854188,2.9400745785854188,2.9400745785854188,14741402315.716309,169870381405.5461
2.388920229250619,2.388920229250619,2.388920229250619,2.388920229250619,12094018756.991077,138435194914.58316
2.457837324155463,2.457837324155463,2.457837324155463,2.457837324155463,9500571374.26868,142402404085.68878
2.499863067769013,2.499863067769013,2.499863067769013,2.499863067769013,5198767002.65725,144939887560.6096
2.5997307467157778,2.5997307467157778,2.5997307467157778,2.5997307467157778,5916822614.47232,150505175945.87762
2.380727791456965,2.380727791456965,2.380727791456965,2.380727791456965,8328229777.709091,138185297003.6274
2.3242332249590425,2.3242332249590425,2.3242332249590425,2.3242332249590425,3009552907.467017,134862079473.84915
2.1362635270101267,2.1362635270101267,2.1362635270101267,2.1362635270101267,5104105960.491239,124005386868.27167
2.029057833175655,2.029057833175655,2.029057833175655,2.029057833175655,6907399289.102193,118387557436.81892
2.169350707525431,2.169350707525431,2.169350707525431,2.169350707525431,6722860049.514889,125957593301.54716
2.2417249293681443,2.2417249293681443,2.2417249293681443,2.2417249293681443,5394933491.485324,129987896211.968
2.2504187411894,2.2504187411894,2.2504187411894,2.2504187411894,4700482638.06465,130684530591.66603
2.3564128660327603,2.3564128660327603,2.3564128660327603,2.3564128660327603,3738755688.1164246,136928855738.28758
2.392285579817487,2.392285579817487,2.392285579817487,2.392285579817487,2903593748.7332563,138962507103.3046
2.3009096388651695,2.3009096388651695,2.3009096388651695,2.3009096388651695,3149719385.5106583,133729450717.8674
2.3408005213311123,2.3408005213311123,2.3408005213311123,2.3408005213311123,2955610989.2377267,136034346384.5807
2.2893484606821164,2.2893484606821164,2.2893484606821164,2.2893484606821164,2950644595.364279,133056596229.87404
2.5520572493716633,2.5520572493716633,2.5520572493716633,2.5520572493716633,9834502912.85249,148446009880.021
2.4346891248225995,2.4346891248225995,2.4346891248225995,2.4346891248225995,4258912106.63044,141749550828.59042
2.381259233831182,2.381259233831182,2.381259233831182,2.381259233831182,3380818952.23797,138510356756.64886
2.3671814913704625,2.3671814913704625,2.3671814913704625,2.3671814913704625,1482324406.8968267,137633684733.8346
2.4358937819105337,2.4358937819105337,2.4358937819105337,2.4358937819105337,2036803299.3463094,141666982426.27832
2.4467862393977193,2.4467862393977193,2.4467862393977193,2.4467862393977193,3267297475.9622283,142182563236.7044
2.4520786954901945,2.4520786954901945,2.4520786954901945,2.4520786954901945,2336452138.4735017,142530870243.74066
2.349686594688749,2.349686594688749,2.349686594688749,2.349686594688749,2854543228.9574385,136740698537.37582
2.339530083958925,2.339530083958925,2.339530083958925,2.339530083958925,2422690506.5141454,136083790198.2617
2.2038347130132383,2.2038347130132383,2.2038347130132383,2.2038347130132383,3837465479.151629,128190870625.22104
2.1388622985209467,2.1388622985209467,2.1388622985209467,2.1388622985209467,3354267610.3426833,124469293101.58473
2.135945706762188,2.135945706762188,2.135945706762188,2.135945706762188,2477465471.988889,124324478160.5522
2.0905159571547878,2.0905159571547878,2.0905159571547878,2.0905159571547878,3972610740.3424234,121557920573.70189
2.140991043686336,2.140991043686336,2.140991043686336,2.140991043686336,3641319247.188034,124525644957.65971
2.030360837075233,2.030360837075233,2.030360837075233,2.030360837075233,5271112203.164092,118295307955.43494
2.0641704630367608,2.0641704630367608,2.0641704630367608,2.0641704630367608,4928791386.955327,120421038483.8677
2.1277037304012105,2.1277037304012105,2.1277037304012105,2.1277037304012105,4939434201.608915,123967383174.98845
2.148561695180789,2.148561695180789,2.148561695180789,2.148561695180789,1897079007.2541249,124960176668.53568
1.9232068608073252,1.9232068608073252,1.9232068608073252,1.9232068608073252,5107597669.95859,112137731756.69206
1.8972731944488423,1.8972731944488423,1.8972731944488423,1.8972731944488423,11995374383.503767,111374044255.21884
1.791941720267648,1.791941720267648,1.791941720267648,1.791941720267648,5812951206.534424,104372568049.6828
2.0504426400353335,2.0504426400353335,2.0504426400353335,2.0504426400353335,8269048094.879033,119481580828.56442
1.96981883924698,1.96981883924698,1.96981883924698,1.96981883924698,3847540778.0903244,114817594408.03955
2.0237864771088336,2.0237864771088336,2.0237864771088336,2.0237864771088336,2990956512.0131035,118009313254.15909
2.156688589695265,2.156688589695265,2.156688589695265,2.156688589695265,2972887951.415155,125823708133.3325
2.118179146058531,2.118179146058531,2.118179146058531,2.118179146058531,3631412098.056245,123493869513.43184
2.127444298086899,2.127444298086899,2.127444298086899,2.127444298086899,2865825696.824176,124110719906.46971
2.087166740701441,2.087166740701441,2.087166740701441,2.087166740701441,2529137788.826132,121753153315.34601
2.0835198434155506,2.0835198434155506,2.0835198434155506,2.0835198434155506,2975625490.375688,121582974416.46419
2.0677436115822867,2.0677436115822867,2.0677436115822867,2.0677436115822867,2069087395.311297,120634755808.2574
2.062691684044618,2.062691684044618,2.062691684044618,2.062691684044618,1528702114.8309712,120498813069.50467
2.0855273823856817,2.0855273823856817,2.0855273823856817,2.0855273823856817,1198082570.278999,121758359729.22354
2.0747196454629124,2.0747196454629124,2.0747196454629124,2.0747196454629124,1454273605.4356875,121133082660.90799
2.0806696781556395,2.0806696781556395,2.0806696781556395,2.0806696781556395,2357222891.83461,121475020267.02992
2.221159426695198,2.221159426695198,2.221159426695198,2.221159426695198,4117163104.17999,129738952495.80452
2.217823599038466,2.217823599038466,2.217823599038466,2.217823599038466,4996062046.359891,129639794259.17175
2.206600349886956,2.206600349886956,2.206600349886956,2.206600349886956,4208930304.223753,128910293391.45277
2.1852873809524738,2.1852873809524738,2.1852873809524738,2.1852873809524738,3234722208.502314,127618810209.93896
2.1932493737799863,2.1932493737799863,2.1932493737799863,2.1932493737799863,2459783783.285445,128211658278.5239
2.2566771719971905,2.2566771719971905,2.2566771719971905,2.2566771719971905,3751692488.2109566,131895374150.1833
2.2959679622378415,2.2959679622378415,2.2959679622378415,2.2959679622378415,4072974943.4389,134250948391.53383
2.2399407863578777,2.2399407863578777,2.2399407863578777,2.2399407863578777,2489793878.0180745,130723771364.09366
2.1934727928877984,2.1934727928877984,2.1934727928877984,2.1934727928877984,3252726421.623423,128224503927.07297
2.2143085222346612,2.2143085222346612,2.2143085222346612,2.2143085222346612,2155611895.0543213,129560735707.48988
2.2089170454344824,2.2089170454344824,2.2089170454344824,2.2089170454344824,1739910937.9821632,129205378828.50716
2.188707355411367,2.188707355411367,2.188707355411367,2.188707355411367,1214767487.7877498,128054986434.6052
2.1580623583353407,2.1580623583353407,2.1580623583353407,2.1580623583353407,1372805879.5778592,126191990501.91487
2.1371617409153263,2.1371617409153263,2.1371617409153263,2.1371617409153263,2194829695.4970164,125040025715.65521
2.1553467775958843,2.1553467775958843,2.1553467775958843,2.1553467775958843,2048616981.3491316,126104946148.98138
2.1289110212370352,2.1289110212370352,2.1289110212370352,2.1289110212370352,3559099566.438218,124559831965.93013
2.318857034757937,2.318857034757937,2.318857034757937,2.318857034757937,4731256282.308641,135698075505.87671
2.34260418658349,2.34260418658349,2.34260418658349,2.34260418658349,6008731144.741504,137157723819.54608
2.465515991652043,2.465515991652043,2.465515991652043,2.465515991652043,4343182682.254746,144193513526.4072
2.3665185406774456,2.3665185406774456,2.3665185406774456,2.3665185406774456,3957902320.317386,138618419781.15787
2.5407166812994824,2.5407166812994824,2.5407166812994824,2.5407166812994824,10787624520.70423,148849179940.72635
2.5882656119238727,2.5882656119238727,2.5882656119238727,2.5882656119238727,6137110174.707251,151577986548.9196
2.552660064054796,2.552660064054796,2.552660064054796,2.552660064054796,4956660171.954109,149428679555.88635
2.3780203600308965,2.3780203600308965,2.3780203600308965,2.3780203600308965,5285627666.563696,139404660869.70312
2.387491166631724,2.387491166631724,2.387491166631724,2.387491166631724,3668091279.885704,139986244266.36224
2.352615765613394,2.352615765613394,2.352615765613394,2.352615765613394,2378581122.524433,137901408638.97586
2.4178990437197814,2.4178990437197814,2.4178990437197814,2.4178990437197814,2871045382.6763167,141620424382.77466
2.3808727609208282,2.3808727609208282,2.3808727609208282,2.3808727609208282,3326769717.093891,139572032487.0291
2.356578233921423,2.356578233921423,2.356578233921423,2.356578233921423,2736702822.998838,138242427979.4986
2.4028996266349396,2.4028996266349396,2.4028996266349396,2.4028996266349396,3857208347.067667,141104708088.64645
2.4284164339274192,2.4284164339274192,2.4284164339274192,2.4284164339274192,3423292472.9337497,142497452230.75037
2.2991928362328755,2.2991928362328755,2.2991928362328755,2.2991928362328755,3803614983.5157166,135209260273.52768
2.3319094660057416,2.3319094660057416,2.3319094660057416,2.3319094660057416,1372961335.2188973,136856085709.11539
2.3405861862412927,2.3405861862412927,2.3405861862412927,2.3405861862412927,1905275005.1451297,137358561276.94505
2.3082922649115565,2.3082922649115565,2.3082922649115565,2.3082922649115565,1661784737.5361876,135464456690.66678
2.3186677687774426,2.3186677687774426,2.3186677687774426,2.3186677687774426,2048276738.5749948,136063470027.7747
2.2746048552552507,2.2746048552552507,2.2746048552552507,2.2746048552552507,2074053702.379202,133537852092.5528
2.2505538163676135,2.2505538163676135,2.2505538163676135,2.2505538163676135,2179459280.652964,132132467347.38953
2.1423194738068942,2.1423194738068942,2.1423194738068942,2.1423194738068942,3372833929.9944954,125892164966.56429
2.177000081626197,2.177000081626197,2.177000081626197,2.177000081626197,2268132685.3159456,127925904411.56554
2.1802830722675224,2.1802830722675224,2.1802830722675224,2.1802830722675224,1521954083.381058,128150107940.42342
2.2004265864927537,2.2004265864927537,2.2004265864927537,2.2004265864927537,1856646284.2520795,129301420887.84296
2.2486280245071963,2.2486280245071963,2.2486280245071963,2.2486280245071963,2193921747.996483,132150735303.62874
2.202322198067478,2.202322198067478,2.202322198067478,2.202322198067478,1714810311.215842,129408473711.78876
2.0970164299223453,2.0970164299223453,2.0970164299223453,2.0970164299223453,2893388349.562232,123342049733.6962
2.163852346114403,2.163852346114403,2.163852346114403,2.163852346114403,1854390911.9791367,127281615711.7592
2.1779065492597427,2.1779065492597427,2.1779065492597427,2.1779065492597427,953843043.4304752,128119087930.23564
2.2629632981656744,2.2629632981656744,2.2629632981656744,2.2629632981656744,2297445951.3852534,133080974653.21156
2.321075765224377,2.321075765224377,2.321075765224377,2.321075765224377,2774696976.06667,136535438437.44032
2.305016386019404,2.305016386019404,2.305016386019404,2.305016386019404,2612062557.9833493,135601731484.23772
2.2701428874939213,2.2701428874939213,2.2701428874939213,2.2701428874939213,2624047756.9494534,133437196298.07864
2.1954298391805,2.1954298391805,2.1954298391805,2.1954298391805,2202653947.4050665,129189732814.77596
2.148866270593598,2.148866270593598,2.148866270593598,2.148866270593598,3949716840.388356,126534557978.46504
2.141891800480294,2.141891800480294,2.141891800480294,2.141891800480294,1687489656.576244,126263429802.95172
2.166318490313782,2.166318490313782,2.166318490313782,2.166318490313782,1231293467.1767986,127577707973.1105
2.255537416572947,2.255537416572947,2.255537416572947,2.255537416572947,4466552529.620607,133168717149.84471
2.1632317759396993,2.1632317759396993,2.1632317759396993,2.1632317759396993,3466660612.110638,127416681908.18704
2.1686830671349613,2.1686830671349613,2.1686830671349613,2.1686830671349613,2350823381.424604,127820962755.39302
2.166239439916603,2.166239439916603,2.166239439916603,2.166239439916603,1450568729.9521883,127674651295.66653
2.1201128146436803,2.1201128146436803,2.1201128146436803,2.1201128146436803,2098115334.487172,124953533243.95668
2.044379922195215,2.044379922195215,2.044379922195215,2.044379922195215,2305504805.382443,120411151497.55313
2.013512764553698,2.013512764553698,2.013512764553698,2.013512764553698,4449887424.63551,118672394254.47311
2.1640075102022664,2.1640075102022664,2.1640075102022664,2.1640075102022664,4004307867.6364536,127539548337.53386
2.1890368617248566,2.1890368617248566,2.1890368617248566,2.1890368617248566,3119419439.9970093,129018976028.34126
2.1839169388853152,2.1839169388853152,2.1839169388853152,2.1839169388853152,2234760744.378113,128924835580.36104
2.105597069865388,2.105597069865388,2.105597069865388,2.105597069865388,2569634191.4677787,124230689777.04051
2.140945561649059,2.140945561649059,2.140945561649059,2.140945561649059,2600100605.537264,126287954127.92236
2.185743305637095,2.185743305637095,2.185743305637095,2.185743305637095,1909072124.1732078,128959095356.2813
2.2080779439640237,2.2080779439640237,2.2080779439640237,2.2080779439640237,1320178860.3618104,130291214168.36028
2.2397868943055363,2.2397868943055363,2.2397868943055363,2.2397868943055363,3688723731.503887,132156902495.55835
2.171453605552325,2.171453605552325,2.171453605552325,2.171453605552325,2782662990.9534025,128126705578.13293
2.234339504341481,2.234339504341481,2.234339504341481,2.234339504341481,3660413082.1301646,131977600025.21939
2.2565985381225446,2.2565985381225446,2.2565985381225446,2.2565985381225446,3456952710.4009995,133259962343.86203
2.220660517934634,2.220660517934634,2.220660517934634,2.220660517934634,1759263909.260319,131144534229.89864
2.2177115630108464,2.2177115630108464,2.2177115630108464,2.2177115630108464,898181111.5827129,130972769052.7035
2.2711234551626793,2.2711234551626793,2.2711234551626793,2.2711234551626793,2334073292.9256063,134151998248.59271
2.275084085302051,2.275084085302051,2.275084085302051,2.275084085302051,3876739211.500435,134350852686.02478
2.3106154308712163,2.3106154308712163,2.3106154308712163,2.3106154308712163,2680689161.887867,136497008281.73683
2.405267395272407,2.405267395272407,2.405267395272407,2.405267395272407,4432186610.184976,142094073894.76715
2.5456780481070833,2.5456780481070833,2.5456780481070833,2.5456780481070833,5263609598.373313,150138989600.80466
2.735777793849028,2.735777793849028,2.735777793849028,2.735777793849028,14004307576.909258,161862097553.51227
2.7403085663356155,2.7403085663356155,2.7403085663356155,2.7403085663356155,7635333692.640345,161796742917.52557
2.836943449825265,2.836943449825265,2.836943449825265,2.836943449825265,6320439963.46504,167709014396.6901
2.954285567242737,2.954285567242737,2.954285567242737,2.954285567242737,10642114059.840887,174691801800.57703
2.917723690315136,2.917723690315136,2.917723690315136,2.917723690315136,7556524928.072073,172608862751.97787
3.0408154279719146,3.0408154279719146,3.0408154279719146,3.0408154279719146,7793207547.31447,179784902655.3871
3.494535310837583,3.494535310837583,3.494535310837583,3.494535310837583,19394273607.04806,206790617970.8479
3.417044710420229,3.417044710420229,3.417044710420229,3.417044710420229,16031012566.653502,202056421574.12247
3.43091157808989,3.43091157808989,3.43091157808989,3.43091157808989,5783505866.425777,203036588057.2096
3.455651421168503,3.455651421168503,3.455651421168503,3.455651421168503,7847665162.660737,204531521314.64954
3.55629271011838,3.55629271011838,3.55629271011838,3.55629271011838,8362003947.111928,210472490159.30972
3.5512409390828505,3.5512409390828505,3.5512409390828505,3.5512409390828505,7908195545.8158,210230480631.16995
3.1784172529582473,3.1784172529582473,3.1784172529582473,3.1784172529582473,13257602437.964903,188186759786.34775
3.1443151661109243,3.1443151661109243,3.1443151661109243,3.1443151661109243,10402261389.142485,185920871104.63107
3.1383147630505817,3.1383147630505817,3.1383147630505817,3.1383147630505817,7590707148.3824,185810977838.7848
3.167241692335099,3.167241692335099,3.167241692335099,3.167241692335099,3792391471.850104,187641581965.9033
3.232752992185551,3.232752992185551,3.232752992185551,3.232752992185551,4272843726.2721925,191396539707.53333
3.1234939366799126,3.1234939366799126,3.1234939366799126,3.1234939366799126,7076691375.932294,184768043390.20883
3.1280707477497427,3.1280707477497427,3.1280707477497427,3.1280707477497427,5629285480.992563,185283974088.98334
3.0996192442543777,3.0996192442543777,3.0996192442543777,3.0996192442543777,6061881858.858245,183489681384.74945
3.0232512791444304,3.0232512791444304,3.0232512791444304,3.0232512791444304,5274343598.404958,179326407753.82678
2.9619031982658726,2.9619031982658726,2.9619031982658726,2.9619031982658726,9588289635.150093,175651026151.1029
2.769267387192411,2.769267387192411,2.769267387192411,2.769267387192411,6626410931.129626,164294692749.69305
2.9486352217251337,2.9486352217251337,2.9486352217251337,2.9486352217251337,4775415471.329626,174843464841.0272
3.0727905982283095,3.0727905982283095,3.0727905982283095,3.0727905982283095,5293305246.052242,182226168416.1388
2.9649981287242557,2.9649981287242557,2.9649981287242557,2.9649981287242557,4965545788.579667,175947744749.02496
2.992045726720115,2.992045726720115,2.992045726720115,2.992045726720115,4082166604.029814,177454281208.94727
3.3154332521736825,3.3154332521736825,3.3154332521736825,3.3154332521736825,7757095979.615032,196586563136.16388
3.288160253111489,3.288160253111489,3.288160253111489,3.288160253111489,8889928900.443523,195118577955.89972
3.229511537620619,3.229511537620619,3.229511537620619,3.229511537620619,4765475379.036455,191448306716.0005
3.1838901988281205,3.1838901988281205,3.1838901988281205,3.1838901988281205,4658567865.909019,188762634633.81073
3.1394273590070134,3.1394273590070134,3.1394273590070134,3.1394273590070134,7508618703.880955,186208442509.3679
3.26747236546907,3.26747236546907,3.26747236546907,3.26747236546907,8587094638.178333,193890996169.89874
3.2866811377117644,3.2866811377117644,3.2866811377117644,3.2866811377117644,8018820706.857553,194924756464.55508
3.0872106726905346,3.0872106726905346,3.0872106726905346,3.0872106726905346,11518598907.612103,183080844696.39935
3.0773729481839958,3.0773729481839958,3.0773729481839958,3.0773729481839958,6586597945.239845,182823893074.88736
3.106969288649059,3.106969288649059,3.106969288649059,3.106969288649059,4207383821.7064447,184537083059.24762
3.0953855433967075,3.0953855433967075,3.0953855433967075,3.0953855433967075,3486012703.1641827,183971298108.38446
3.060621197547626,3.060621197547626,3.060621197547626,3.060621197547626,7891993830.459589,181729332172.2824
2.8587366392387112,2.8587366392387112,2.8587366392387112,2.8587366392387112,6736297698.175642,170168406125.4961
2.952309340790555,2.952309340790555,2.952309340790555,2.952309340790555,6872631153.732158,175556019984.77844
2.8498230079250755,2.8498230079250755,2.8498230079250755,2.8498230079250755,4464611989.418837,169235531134.4738
3.0732747821154365,3.0732747821154365,3.0732747821154365,3.0732747821154365,9726315601.629562,182799236672.46982
3.0458254666203546,3.0458254666203546,3.0458254666203546,3.0458254666203546,4525709190.859716,181178670544.90762
3.02786808477519,3.02786808477519,3.02786808477519,3.02786808477519,6158205320.189804,180309158636.47443
2.862667277824852,2.862667277824852,2.862667277824852,2.862667277824852,6677411739.169651,170267483807.62628
3.011834539503525,3.011834539503525,3.011834539503525,3.011834539503525,6168659352.468927,179142732347.83713
2.9671217194399038,2.9671217194399038,2.9671217194399038,2.9671217194399038,6346605091.344013,176555745920.97995
2.9671844322262273,2.9671844322262273,2.9671844322262273,2.9671844322262273,5916089545.532232,176531083059.73718
2.823231531748928,2.823231531748928,2.823231531748928,2.823231531748928,7414077139.444236,167986912659.00635
2.8166293700860887,2.8166293700860887,2.8166293700860887,2.8166293700860887,3135065485.865118,167506975112.97137
2.776712609891609,2.776712609891609,2.776712609891609,2.776712609891609,3175920948.223113,165199510162.63672
2.752094842681695,2.752094842681695,2.752094842681695,2.752094842681695,8149612555.21553,163668082549.3002
2.861352340590463,2.861352340590463,2.861352340590463,2.861352340590463,7818514399.960052,170017343347.65512
2.8440111306765328,2.8440111306765328,2.8440111306765328,2.8440111306765328,4282592689.81749,169148418099.79056
2.797620314598713,2.797620314598713,2.797620314598713,2.797620314598713,4435280469.053911,166553893839.9241
2.8160947139230124,2.8160947139230124,2.8160947139230124,2.8160947139230124,6440056634.093668,167868172838.93118
2.8106516044524614,2.8106516044524614,2.8106516044524614,2.8106516044524614,1710108502.3145711,167555913519.96588
2.881098102223723,2.881098102223723,2.881098102223723,2.881098102223723,3758634219.2118864,171783435959.93152
2.9693752178894965,2.9693752178894965,2.9693752178894965,2.9693752178894965,5571309023.778589,176863943138.69135
2.94711316566773,2.94711316566773,2.94711316566773,2.94711316566773,5779762469.172943,175645238418.85535
2.9831115371091697,2.9831115371091697,2.9831115371091697,2.9831115371091697,4348729235.861674,177831215415.68866
3.042189592870322,3.042189592870322,3.042189592870322,3.042189592870322,5399056673.396303,181478948408.56073
3.1075619727179338,3.1075619727179338,3.1075619727179338,3.1075619727179338,6431002504.182876,185122997953.71664
3.1226735093963653,3.1226735093963653,3.1226735093963653,3.1226735093963653,4890402318.793293,186140756995.41547
3.0312637323512215,3.0312637323512215,3.0312637323512215,3.0312637323512215,4717722674.640647,180683294841.68112
2.9940861270543375,2.9940861270543375,2.9940861270543375,2.9940861270543375,5703362169.728064,178831483523.20224
3.0381334165695297,3.0381334165695297,3.0381334165695297,3.0381334165695297,4418021933.675096,181512759461.20248
3.083983468328553,3.083983468328553,3.083983468328553,3.083983468328553,5960257002.7788515,184265198058.23386
3.0778034182571985,3.0778034182571985,3.0778034182571985,3.0778034182571985,6283622329.630611,183975908931.03992
2.9911678094786853,2.9911678094786853,2.9911678094786853,2.9911678094786853,4614169289.07877,178756914408.9819
2.9767316725840836,2.9767316725840836,2.9767316725840836,2.9767316725840836,2852138270.2347507,177890344746.8318
2.9733496913212485,2.9733496913212485,2.9733496913212485,2.9733496913212485,2935908283.6015553,177826889948.96225
2.851139194678168,2.851139194678168,2.851139194678168,2.851139194678168,9546312187.865196,170400585443.59097
2.8290556379505225,2.8290556379505225,2.8290556379505225,2.8290556379505225,5177734080.177338,169113142027.29474
2.9285889681239876,2.9285889681239876,2.9285889681239876,2.9285889681239876,6006921588.575711,175079571412.7056
2.7391226387021668,2.7391226387021668,2.7391226387021668,2.7391226387021668,8829708798.423235,163792649388.02155
2.78626651562758,2.78626651562758,2.78626651562758,2.78626651562758,7841983939.971406,166695488560.7967
2.8077761197607156,2.8077761197607156,2.8077761197607156,2.8077761197607156,2726728376.6703687,168030941532.4935
2.864956739306865,2.864956739306865,2.864956739306865,2.864956739306865,3125937768.2534404,171433471696.45447
2.8820677870561946,2.8820677870561946,2.8820677870561946,2.8820677870561946,4981231689.068481,172468504580.63516
2.844933401817261,2.844933401817261,2.844933401817261,2.844933401817261,4802588407.507577,170189095368.76358
2.94479751207665,2.94479751207665,2.94479751207665,2.94479751207665,6110060192.870197,176324742080.3806
3.0371524340279654,3.0371524340279654,3.0371524340279654,3.0371524340279654,6959329544.208,181705214116.74432
3.0413663901904453,3.0413663901904453,3.0413663901904453,3.0413663901904453,6731126091.339507,182195760385.72156
2.9697246277119143,2.9697246277119143,2.9697246277119143,2.9697246277119143,3974053735.7335005,177802651636.65665
2.970720012302302,2.970720012302302,2.970720012302302,2.970720012302302,5225328731.739178,177860837843.72095
2.991602626695257,2.991602626695257,2.991602626695257,2.991602626695257,6276385267.7441635,179189076600.90665
2.857057632365177,2.857057632365177,2.857057632365177,2.857057632365177,6973553770.362803,171064100928.10922
2.8805684212620997,2.8805684212620997,2.8805684212620997,2.8805684212620997,4524504225.602123,172611406399.91275
2.8050759101908103,2.8050759101908103,2.8050759101908103,2.8050759101908103,5321345626.7661,167947986078.64722
2.3838350726730484,2.3838350726730484,2.3838350726730484,2.3838350726730484,14527451740.654482,142892067212.53018
2.3859045362580757,2.3859045362580757,2.3859045362580757,2.3859045362580757,10663249600.83191,142954842575.22836
2.5312630934147733,2.5312630934147733,2.5312630934147733,2.5312630934147733,9631722980.003696,151364418493.13968
2.60498951616126,2.60498951616126,2.60498951616126,2.60498951616126,8245602245.568772,156133172903.8652
2.5061812994119887,2.5061812994119887,2.5061812994119887,2.5061812994119887,7790438551.147718,150211264226.71503
2.4107851679488945,2.4107851679488945,2.4107851679488945,2.4107851679488945,5113981094.090992,144461490595.82288
2.3252186675017006,2.3252186675017006,2.3252186675017006,2.3252186675017006,6480091801.452607,139315952355.05777
2.2957327819062083,2.2957327819062083,2.2957327819062083,2.2957327819062083,7138067279.422384,137766791771.10846
2.3596315316088416,2.3596315316088416,2.3596315316088416,2.3596315316088416,2539623709.4048047,141516215270.95477
2.389625527633369,2.389625527633369,2.389625527633369,2.389625527633369,2947463809.1071744,143296898584.39374
2.490117031449711,2.490117031449711,2.490117031449711,2.490117031449711,4217817684.335096,149320563020.78088
2.4235930180546776,2.4235930180546776,2.4235930180546776,2.4235930180546776,4700479126.340988,145324368852.07394
2.3631248548137456,2.3631248548137456,2.3631248548137456,2.3631248548137456,4117803198.46909,141709247798.4505
2.3942046738111324,2.3942046738111324,2.3942046738111324,2.3942046738111324,2805206365.048355,143681621080.8351
2.504825180033832,2.504825180033832,2.504825180033832,2.504825180033832,3957219500.7677765,150337039547.91202
2.593725390920985,2.593725390920985,2.593725390920985,2.593725390920985,3476558122.062582,155824923528.57858
2.645881508384711,2.645881508384711,2.645881508384711,2.645881508384711,3352897036.201619,158916439662.16824
2.6352743169545323,2.6352743169545323,2.6352743169545323,2.6352743169545323,4581419643.337282,158223409570.23694
2.607884184498703,2.607884184498703,2.607884184498703,2.607884184498703,5077371785.758396,156523824436.52097
2.5521455809931615,2.5521455809931615,2.5521455809931615,2.5521455809931615,4668881978.998613,153190098651.65286
2.4373365011802233,2.4373365011802233,2.4373365011802233,2.4373365011802233,5582711994.939218,146186020714.36652
2.5081131316915473,2.5081131316915473,2.5081131316915473,2.5081131316915473,4396874744.250804,150800414241.36542
2.504613534721328,2.504613534721328,2.504613534721328,2.504613534721328,1724358349.2869337,150534562819.6467
2.527623366103904,2.527623366103904,2.527623366103904,2.527623366103904,2165286881.620203,151787404806.75775
2.3075208080429306,2.3075208080429306,2.3075208080429306,2.3075208080429306,5863736751.851877,138661849487.4611
2.2139228610122434,2.2139228610122434,2.2139228610122434,2.2139228610122434,9099211476.071411,133053897681.95323
2.3468300424460398,2.3468300424460398,2.3468300424460398,2.3468300424460398,6437838342.036748,141129798148.7578
2.2091841302505792,2.2091841302505792,2.2091841302505792,2.2091841302505792,5338941722.061663,132782422867.40593
2.315839328722371,2.315839328722371,2.315839328722371,2.315839328722371,5583858447.572006,139260973653.4914
2.2848817063829197,2.2848817063829197,2.2848817063829197,2.2848817063829197,2951176618.7135286,137331703405.30908
2.366057070769261,2.366057070769261,2.366057070769261,2.366057070769261,2983765683.3379188,142067317205.8971
2.5281078242198647,2.5281078242198647,2.5281078242198647,2.5281078242198647,5957396504.577135,151974237122.3631
2.390172266260892,2.390172266260892,2.390172266260892,2.390172266260892,4127451459.3106093,143727663286.9794
2.3832389457846697,2.3832389457846697,2.3832389457846697,2.3832389457846697,4420961765.056469,143186972759.59644
2.331388577331738,2.331388577331738,2.331388577331738,2.331388577331738,7201868744.560643,140562989006.31635
2.2488473348561304,2.2488473348561304,2.2488473348561304,2.2488473348561304,6710968069.827529,135721912859.52069
2.235455773730874,2.235455773730874,2.235455773730874,2.235455773730874,2804052321.7763157,134518071270.12082
2.218219988506596,2.218219988506596,2.218219988506596,2.218219988506596,4122565537.6581736,133486160752.61365
2.160590388035999,2.160590388035999,2.160590388035999,2.160590388035999,5961092428.323819,129949048741.95013
2.2139034771189343,2.2139034771189343,2.2139034771189343,2.2139034771189343,5619054259.061808,133117730031.55574
2.1066834909527383,2.1066834909527383,2.1066834909527383,2.1066834909527383,6046696552.094389,126853721222.81535
2.0000407183731164,2.0000407183731164,2.0000407183731164,2.0000407183731164,6586717744.018607,120853150852.96416
1.950091461265794,1.950091461265794,1.950091461265794,1.950091461265794,8745429497.04679,117518467990.35646
1.9508235490170465,1.9508235490170465,1.9508235490170465,1.9508235490170465,2948690879.784788,117596582268.50671
2.0449210167731326,2.0449210167731326,2.0449210167731326,2.0449210167731326,4002055288.7035675,123296237500.01303
2.2241484224164743,2.2241484224164743,2.2241484224164743,2.2241484224164743,6557948088.8720255,134156981164.09805
2.1989437346568153,2.1989437346568153,2.1989437346568153,2.1989437346568153,4893770222.936652,132509142343.04514
2.224254821804325,2.224254821804325,2.224254821804325,2.224254821804325,3864980774.471227,134157655674.29039
2.201122232723185,2.201122232723185,2.201122232723185,2.201122232723185,2726085217.202768,132789858572.43163
2.180631384763347,2.180631384763347,2.180631384763347,2.180631384763347,4166261166.887878,131563297865.29353
2.2028096835323647,2.2028096835323647,2.2028096835323647,2.2028096835323647,2086873493.9106789,132904309840.30942
2.1652461437750383,2.1652461437750383,2.1652461437750383,2.1652461437750383,1875297052.0970683,130773769054.38704
2.0310598795228767,2.0310598795228767,2.0310598795228767,2.0310598795228767,5252157088.012026,122590637081.77548
2.1570887957334866,2.1570887957334866,2.1570887957334866,2.1570887957334866,4354900493.8598795,130265478729.2633
2.203321627854195,2.203321627854195,2.203321627854195,2.203321627854195,3877677225.490404,132937642111.7655
2.0971829811461946,2.0971829811461946,2.0971829811461946,2.0971829811461946,3381495523.1338873,126486491841.91081
2.0358303092663843,2.0358303092663843,2.0358303092663843,2.0358303092663843,3202740426.102295,122781280853.37723
2.0326777775330633,2.0326777775330633,2.0326777775330633,2.0326777775330633,1741973347.7825954,122577456923.27518
