ts,Open,High,Low,Close,Volume,market_cap,log_price,return_1d,ma_7,ma_21,dow,month
2024-12-08,0.7533451910496214,0.7533451910496214,0.7533451910496214,0.7533451910496214,0.18384894627080534,0.7509927711730686,0.8416962384679874,0.4067098945237887,0.7957014029819353,0.8327036982860734,1.0,0.9999999999999999
2024-12-09,0.7577497595013816,0.7577497595013816,0.7577497595013816,0.7577497595013816,0.1703795109617955,0.7553195198117058,0.8448007895089686,0.4169625316295289,0.7981236513156135,0.8353022695272845,0.0,0.9999999999999999
2024-12-10,0.6676722387583545,0.6676722387583545,0.6676722387583545,0.6676722387583545,0.5904714746281361,0.6638571069291903,0.7789131167504051,0.19780615870950694,0.7659062468098944,0.8007396610403581,0.16666666666666666,0.9999999999999999
2024-12-11,0.6418447367310269,0.6418447367310269,0.6418447367310269,0.6418447367310269,0.6397071608630969,0.6396253304660366,0.759028971986563,0.34193292081700294,0.7426957564438589,0.7758396076804279,0.3333333333333333,0.9999999999999999
2024-12-12,0.7018587537287384,0.7018587537287384,0.7018587537287384,0.7018587537287384,0.36442432533559577,0.6996427345302709,0.8045302044929032,0.5608282311652275,0.7419711054055981,0.7750622070639193,0.5,0.9999999999999999
2024-12-13,0.7169702692082287,0.7169702692082287,0.7169702692082287,0.7169702692082287,0.4628820576173695,0.7139700534506563,0.8156098513902741,0.4434739826553339,0.7442581469411614,0.7775157293882575,0.6666666666666666,0.9999999999999999
2024-12-14,0.7254815257230305,0.7254815257230305,0.7254815257230305,0.7254815257230305,0.3397819418320505,0.7228193676355883,0.821786604248671,0.427145645707682,0.7472290852748885,0.7807029314625022,0.8333333333333333,0.9999999999999999
2024-12-15,0.7134399869451273,0.7134399869451273,0.7134399869451273,0.7134399869451273,0.2569889526947641,0.7110838929243224,0.8130345058020634,0.37800931057321274,0.7409589516815628,0.7813172908978914,1.0,0.9999999999999999
2024-12-16,0.7415291667656208,0.7415291667656208,0.7415291667656208,0.7415291667656208,0.21509408048319487,0.739727792345285,0.8333107065726155,0.47435950043580455,0.7384102795046249,0.7854777536552375,0.0,0.9999999999999999
2024-12-17,0.7509225559857826,0.7509225559857826,0.7509225559857826,0.7509225559857826,0.49793441492064056,0.7486523163043974,0.8399837534244066,0.42879415198679677,0.7514910448437989,0.789914490837464,0.16666666666666666,0.9999999999999999
2024-12-18,0.7171359137454443,0.7171359137454443,0.7171359137454443,0.7171359137454443,0.30265068799410044,0.7155128890511939,0.815730495908424,0.3279035526390611,0.7633212246129074,0.7899203364182663,0.3333333333333333,0.9999999999999999
2024-12-19,0.6423432190816556,0.6423432190816556,0.6423432190816556,0.6423432190816556,0.4985349129868903,0.6399805696465974,0.7594172259368612,0.2271564109386522,0.7539698038774502,0.7825709441062731,0.5,0.9999999999999999
2024-12-20,0.5846913991550702,0.5846913991550702,0.5846913991550702,0.5846913991550702,0.6485593558844529,0.5831492545554504,0.7132821740070519,0.25872607339534737,0.7331853922845252,0.7711194661797314,0.6666666666666666,0.9999999999999999
2024-12-21,0.5948119531368958,0.5948119531368958,0.5948119531368958,0.5948119531368958,0.7413371906695282,0.5922861396639181,0.7215662386094515,0.4341520670614245,0.7126538427013577,0.7621568910420624,0.8333333333333333,0.9999999999999999
2024-12-22,0.5557806906077569,0.5557806906077569,0.5557806906077569,0.5557806906077569,0.2988959210656621,0.5522006935541384,0.6891582116852311,0.30191239613483667,0.6878815135666289,0.7513190132863063,1.0,0.9999999999999999
2024-12-23,0.5374035962247967,0.5374035962247967,0.5374035962247967,0.5374035962247967,0.22597056595516665,0.5365835882995604,0.673456262698827,0.3554305064947198,0.6558081380301118,0.740480624285415,0.0,0.9999999999999999
2024-12-24,0.5787250992569117,0.5787250992569117,0.5787250992569117,0.5787250992569117,0.3322332422670279,0.5771400339104629,0.7083600375361927,0.5241852557293488,0.6287514900978347,0.7337854012985481,0.16666666666666666,0.9999999999999999
2024-12-25,0.6034175316304702,0.6034175316304702,0.6034175316304702,0.6034175316304702,0.20709319966956172,0.6000479688609368,0.7285466389374307,0.47405696038654976,0.610883408380707,0.7294527407690898,0.3333333333333333,0.9999999999999999
2024-12-26,0.6025108957543928,0.6025108957543928,0.6025108957543928,0.6025108957543928,0.13511772514422926,0.600841041389407,0.7278139460273509,0.4042957224314881,0.604624726231369,0.7255198455992771,0.5,0.9999999999999999
2024-12-27,0.5528599514023365,0.5528599514023365,0.5528599514023365,0.5528599514023365,0.17597696265599871,0.5515193598904979,0.6866821451111313,0.27438516239870403,0.5996231873504757,0.719050974173753,0.6666666666666666,0.9999999999999999
2024-12-28,0.5531045649364975,0.5531045649364975,0.5531045649364975,0.5531045649364975,0.21252913463543396,0.5506980682441176,0.6868897968659571,0.4073944750051067,0.5930698842985626,0.7132119300354769,0.8333333333333333,0.9999999999999999
2024-12-29,0.5737197392462154,0.5737197392462154,0.5737197392462154,0.5737197392462154,0.09528283580650762,0.5722760996610043,0.7042083387497531,0.4643897097136545,0.5958885700821454,0.7031191725387131,1.0,0.9999999999999999
2024-12-30,0.5616574968147597,0.5616574968147597,0.5616574968147597,0.5616574968147597,0.06744093366892653,0.559960111989616,0.694118321738542,0.3736481479250996,0.5996994814725519,0.6921011812996216,0.0,0.9999999999999999
2024-12-31,0.5623076715565536,0.5623076715565536,0.5623076715565536,0.5623076715565536,0.24623234468839347,0.5603832374131399,0.6946652865620484,0.4085134764717336,0.5971198814617248,0.6861809789293964,0.16666666666666666,0.9999999999999999
2025-01-01,0.5554889250212927,0.5554889250212927,0.5554889250212927,0.5554889250212927,0.17845307969814592,0.5538248496081306,0.6889111937500312,0.3878070129817504,0.5895890650400227,0.6813288365560737,0.3333333333333333,0.0
2025-01-02,0.5591667782469247,0.5591667782469247,0.5591667782469247,0.5591667782469247,0.09068202205807954,0.5572825551020255,0.6920196880983118,0.41697557829104864,0.5827785897309631,0.673311289539138,0.5,0.0
2025-01-03,0.5887013783534123,0.5887013783534123,0.5887013783534123,0.5887013783534123,0.19176075794647843,0.5867065726091736,0.716574259567067,0.48884335253455374,0.5884101994470844,0.6661041437990487,0.6666666666666666,0.0
2025-01-04,0.6352044267524581,0.6352044267524581,0.6352044267524581,0.6352044267524581,0.18449985819070605,0.6335582385732506,0.7538398585100188,0.5323118470231203,0.6013101986610135,0.6610316729533328,0.8333333333333333,0.0
2025-01-05,0.6519075008432742,0.6519075008432742,0.6519075008432742,0.6519075008432742,0.11814658515694845,0.6504006461766323,0.7668320907112252,0.44986939679652693,0.6135955063440147,0.6575742984322726,1.0,0.0
2025-01-06,0.6446043340797925,0.6446043340797925,0.6446043340797925,0.6446043340797925,0.08085593288075868,0.642938962986717,0.7611760991858931,0.38812820542143184,0.6266285871781266,0.6521283061082941,0.0,0.0
2025-01-07,0.6598788383040617,0.6598788383040617,0.6598788383040617,0.6598788383040617,0.2109738923197497,0.6575512333253046,0.7729624618824822,0.44583544686855675,0.6419595261895285,0.6470127606500082,0.16666666666666666,0.0
2025-01-08,0.5684148815397705,0.5684148815397705,0.5684148815397705,0.5684148815397705,0.3027551659322642,0.5661489360644645,0.6997857450450642,0.17568450286915763,0.6439905263062086,0.6386564542488249,0.3333333333333333,0.0
2025-01-09,0.5520678566972761,0.5520678566972761,0.5520678566972761,0.5520678566972761,0.32734378105690176,0.5504438129874651,0.6860093862316168,0.3616677332681991,0.6428751032057959,0.6335840809780524,0.5,0.0
2025-01-10,0.5204891019089559,0.5204891019089559,0.5204891019089559,0.5204891019089559,0.2728372984445812,0.5201512612725188,0.6587403666068132,0.31826224806156483,0.6321572007264188,0.6299766956641417,0.6666666666666666,0.0
2025-01-11,0.5354042803849732,0.5354042803849732,0.5354042803849732,0.5354042803849732,0.23593379944920087,0.5344040566358152,0.6717301777689881,0.4498612919922795,0.6164760317059822,0.6266387097133064,0.8333333333333333,0.0
2025-01-12,0.5396972846891,0.5396972846891,0.5396972846891,0.5396972846891,0.0645134642500618,0.5386915854673713,0.6754321390433544,0.4189397953630878,0.5988449216387265,0.6257350186493214,1.0,0.0
2025-01-13,0.5338839609573549,0.5338839609573549,0.5338839609573549,0.5338839609573549,0.049771158376956524,0.5321789115243236,0.6704152543748849,0.3902216157177603,0.5814479042180744,0.6255372581155287,0.0,0.0
2025-01-14,0.49531214751971286,0.49531214751971286,0.49531214751971286,0.49531214751971286,0.40021032241172905,0.49379983441364556,0.6363479749703833,0.2966547425132948,0.5555902458152399,0.6208504685457843,0.16666666666666666,0.0
2025-01-15,0.5221889332504246,0.5221889332504246,0.5221889332504246,0.5221889332504246,0.18828955944140216,0.5205545344433571,0.6602309359549041,0.4865648290428247,0.5483269607937326,0.6162864129677972,0.3333333333333333,0.0
2025-01-16,0.5883718864294161,0.5883718864294161,0.5883718864294161,0.5883718864294161,0.20368928194912603,0.5861092107943922,0.7163042406997313,0.5978461981130754,0.5540312573010381,0.6154919732548902,0.5,0.0
2025-01-17,0.5473972052658664,0.5473972052658664,0.5473972052658664,0.5473972052658664,0.2172343406725559,0.5454717065352894,0.6820314332594792,0.29600420965594265,0.5582592121900561,0.6151850336120488,0.6666666666666666,0.0
2025-01-18,0.5973806585229255,0.5973806585229255,0.5973806585229255,0.5973806585229255,0.24748666681378315,0.5958952499364485,0.7236559094637895,0.5473699521153861,0.567997294710267,0.6176728095423827,0.8333333333333333,0.0
2025-01-19,0.5472938519727651,0.5472938519727651,0.5472938519727651,0.5472938519727651,0.29578890822897147,0.5459008527092974,0.6819431951266628,0.2725622479276694,0.5691909107507852,0.6161879972888291,1.0,0.0
2025-01-20,0.5172262244882675,0.5172262244882675,0.5172262244882675,0.5172262244882675,0.5963478771822339,0.5210207526842676,0.65587175353697,0.32208673439505353,0.5665735520536567,0.6136915022077492,0.0,0.0
2025-01-21,0.5335858254589584,0.5335858254589584,0.5335858254589584,0.5335858254589584,0.48572936585864906,0.5318675290194244,0.6701571559803217,0.4542018197557118,0.5725873309371973,0.6120776850976901,0.16666666666666666,0.0
2025-01-22,0.5523354407749953,0.5523354407749953,0.5523354407749953,0.5523354407749953,0.31292958602467885,0.5492914772228414,0.6862367166557144,0.4602237081608598,0.5773241223856583,0.6119004977812594,0.3333333333333333,0.0
2025-01-23,0.5259112449177663,0.5259112449177663,0.5259112449177663,0.5259112449177663,0.18190787913478318,0.5244911492280857,0.6634858098962777,0.3327194355407749,0.5675099496382304,0.6100319427967236,0.5,0.0
2025-01-24,0.5542867858546231,0.5542867858546231,0.5542867858546231,0.5542867858546231,0.31402624414870617,0.5527751109928281,0.6878926592219008,0.4883420304500226,0.5685924798911862,0.6080982628368234,0.6666666666666666,0.0
2025-01-25,0.5481129487888005,0.5481129487888005,0.5481129487888005,0.5481129487888005,0.22688835027384727,0.5463489809758586,0.6826422472798299,0.3894565069999051,0.5608512559380084,0.6032047850011548,0.8333333333333333,0.0
2025-01-26,0.5505792263662947,0.5505792263662947,0.5505792263662947,0.5505792263662947,0.08265195513882356,0.5500126833196208,0.6847435734768172,0.41364528968811387,0.5613674727276176,0.5975113730063946,1.0,0.0
2025-01-27,0.5244153857415875,0.5244153857415875,0.5244153857415875,0.5244153857415875,0.08586843625892021,0.5244308057475111,0.6621793095105666,0.33331833185580406,0.5624970748056884,0.5907582213945832,0.0,0.0
2025-01-28,0.5069214803754053,0.5069214803754053,0.5069214803754053,0.5069214803754053,0.39372724968095624,0.5050935085479629,0.6467474097467871,0.35630436929369863,0.5583074206088418,0.5821638852054709,0.16666666666666666,0.0
2025-01-29,0.47802191217210044,0.47802191217210044,0.47802191217210044,0.47802191217210044,0.160314432494341,0.47625632712487326,0.6206174427787845,0.3218997060417139,0.546630854542134,0.5770849038580013,0.3333333333333333,0.0
2025-01-30,0.48932138967745564,0.48932138967745564,0.48932138967745564,0.48932138967745564,0.18485101629406955,0.4886960007460935,0.6309308584977504,0.4409158901042979,0.54088164749845,0.5735593184298133,0.5,0.0
2025-01-31,0.5291721914846317,0.5291721914846317,0.5291721914846317,0.5291721914846317,0.1569985773117772,0.5280106850775876,0.6663269453133234,0.5258773270001165,0.5369354989853466,0.5740472020595004,0.6666666666666666,0.0
2025-02-01,0.5435090261751363,0.5435090261751363,0.5435090261751363,0.5435090261751363,0.28754583449203536,0.5413343297737261,0.6787054998466049,0.44781576152428154,0.5362121043683085,0.5745025898289493,0.8333333333333333,0.09090909090909091
2025-02-02,0.4924789900517572,0.4924789900517572,0.4924789900517572,0.4924789900517572,0.15114193202857096,0.49181762451592975,0.6337904510544137,0.2625358382314804,0.5270830633905447,0.5718494981183879,1.0,0.09090909090909091
2025-02-03,0.41435164183853035,0.41435164183853035,0.41435164183853035,0.41435164183853035,0.3690710296665366,0.4110198583695986,0.5600147862633031,0.17387525085265804,0.5097892193032759,0.565133241052477,0.0,0.09090909090909091
2025-02-04,0.4188533733331602,0.4188533733331602,0.4188533733331602,0.4188533733331602,1.0,0.4177536350425923,0.5644460193874465,0.42135538849686244,0.4959514553108847,0.5608371913634314,0.16666666666666666,0.09090909090909091
2025-02-05,0.3779247291683385,0.3779247291683385,0.3779247291683385,0.3779247291683385,0.5204412911590943,0.37400976594081764,0.5232730862194481,0.27425604740879356,0.48022361419758786,0.5527313042931639,0.3333333333333333,0.09090909090909091
2025-02-06,0.39286612490164763,0.39286612490164763,0.39286612490164763,0.39286612490164763,0.2720662401898193,0.3906341257681976,0.5385381725952447,0.45748842610406404,0.46506801207761717,0.5417462672591054,0.5,0.09090909090909091
2025-02-07,0.3619268659487509,0.3619268659487509,0.3619268659487509,0.3619268659487509,0.2865410280977876,0.360850861685519,0.5066156763833964,0.30345285342393186,0.43878947128320667,0.5313250984393385,0.6666666666666666,0.09090909090909091
2025-02-08,0.34310192168203846,0.34310192168203846,0.34310192168203846,0.34310192168203846,0.2821542315493294,0.34081668214100086,0.4865827200895243,0.3414538826393697,0.40730036237067246,0.5170377377020232,0.8333333333333333,0.09090909090909091
2025-02-09,0.3467204236954664,0.3467204236954664,0.3467204236954664,0.3467204236954664,0.12234224009603875,0.34605357061323266,0.49047063483417297,0.41955553681626995,0.38439794390333626,0.5057679596634803,1.0,0.09090909090909091
2025-02-10,0.3458075460006238,0.3458075460006238,0.3458075460006238,0.3458075460006238,0.13130900524013095,0.34509337453310246,0.4894914826860832,0.4034841288072883,0.37362790406562507,0.4961363226375368,0.0,0.09090909090909091
2025-02-11,0.35407499583240776,0.35407499583240776,0.35407499583240776,0.35407499583240776,0.14976792318986354,0.35333837730944945,0.4983178497438363,0.43595796307339263,0.36344955540150026,0.48605000550778743,0.16666666666666666,0.09090909090909091
2025-02-12,0.3370214705420952,0.3370214705420952,0.3370214705420952,0.3370214705420952,0.175680947008476,0.3366397359132394,0.480008821884665,0.3470085666438788,0.3570226017811824,0.4739519889660977,0.3333333333333333,0.09090909090909091
2025-02-13,0.37670053966296746,0.37670053966296746,0.37670053966296746,0.37670053966296746,0.23354123248481415,0.37500263867126754,0.5220100138403874,0.5486750140990077,0.3544825726963692,0.4655681689175557,0.5,0.09090909090909091
2025-02-14,0.3586648773902973,0.3586648773902973,0.3586648773902973,0.3586648773902973,0.15080434645194282,0.3579582405132626,0.5031783501881417,0.34532337524551643,0.3539700304227389,0.45457660584360204,0.6666666666666666,0.09090909090909091
2025-02-15,0.37324582030914666,0.37324582030914666,0.37324582030914666,0.37324582030914666,0.134166073699744,0.37230488094871633,0.5184353055842195,0.4574611328514222,0.35870641194632946,0.44475120802730483,0.8333333333333333,0.09090909090909091
2025-02-16,0.3637610880580624,0.3637610880580624,0.3637610880580624,0.3637610880580624,0.040985244330115626,0.3629942654298955,0.5085423409546781,0.3742900367483722,0.36138393846123507,0.4342543093583704,1.0,0.09090909090909091
2025-02-17,0.3539573459939771,0.3539573459939771,0.3539573459939771,0.3539573459939771,0.03947139758873828,0.3528884319686724,0.4981928934633153,0.3728032946016007,0.3626644815849689,0.42467664850199416,0.0,0.09090909090909091
2025-02-18,0.37837861995178945,0.37837861995178945,0.37837861995178945,0.37837861995178945,0.2134484387508854,0.37740075635776665,0.5237409121354455,0.49221708441697,0.3664832058203209,0.41745410901680013,0.16666666666666666,0.09090909090909091
2025-02-19,0.3568141476408473,0.3568141476408473,0.3568141476408473,0.3568141476408473,0.210024637451896,0.3557491267039408,0.5012218785737819,0.33346348643096524,0.3695931442948559,0.4106437123728006,0.3333333333333333,0.09090909090909091
2025-02-20,0.3703070487607918,0.3703070487607918,0.3703070487607918,0.3703070487607918,0.09022256310152488,0.36946540927090393,0.5153824646411653,0.4537833652961969,0.3685885624869448,0.403956559358295,0.5,0.09090909090909091
2025-02-21,0.37828578789093104,0.37828578789093104,0.37828578789093104,0.37828578789093104,0.10281485919216371,0.37753149301605343,0.5236452511475367,0.43408123359808076,0.37167151201251314,0.3954785855202848,0.6666666666666666,0.09090909090909091
2025-02-22,0.3534943573757605,0.3534943573757605,0.3534943573757605,0.3534943573757605,0.2911386658995135,0.35283686885369453,0.49770097143955994,0.3224931478605296,0.36856804934304144,0.38480208086147416,0.8333333333333333,0.09090909090909091
2025-02-23,0.3850644621777841,0.3850644621777841,0.3850644621777841,0.3850644621777841,0.13591441063855358,0.38459832967679636,0.5306020537750475,0.5173122183037313,0.3719153571620787,0.37876669572770194,1.0,0.09090909090909091
2025-02-24,0.4037755126558472,0.4037755126558472,0.4037755126558472,0.4037755126558472,0.1776679286814273,0.40268558679354177,0.5495115358883025,0.4697481567316321,0.37974307205175917,0.37817244638261416,0.0,0.09090909090909091
2025-02-25,0.30726150105762084,0.30726150105762084,0.30726150105762084,0.30726150105762084,0.2828718294072154,0.3066045288544252,0.44707136338524833,0.08877650249989122,0.3685687441352494,0.3719023454911239,0.16666666666666666,0.09090909090909091
2025-02-26,0.30494217934499523,0.30494217934499523,0.30494217934499523,0.30494217934499523,0.4125903954616074,0.3048659286889727,0.4444494201118898,0.39808046446157447,0.3604183242022482,0.3678016171730196,0.3333333333333333,0.09090909090909091
2025-02-27,0.2544751312843735,0.2544751312843735,0.2544751312843735,0.2544751312843735,0.2510987377646503,0.25454376404715345,0.3852756750015969,0.2183526363952943,0.34221815173736314,0.3600257328298363,0.5,0.09090909090909091
2025-02-28,0.24836082978699403,0.24836082978699403,0.24836082978699403,0.24836082978699403,0.9198461408976545,0.24780369689372944,0.37781543290545283,0.3822269118039311,0.3218036002346133,0.35364470802883097,0.6666666666666666,0.09090909090909091
2025-03-01,0.22747888951546513,0.22747888951546513,0.22747888951546513,0.22747888951546513,0.3035535549466587,0.22703086281120005,0.3518261860746392,0.3223494244693371,0.3020033301685716,0.34714810516447225,0.8333333333333333,0.1818181818181818
2025-03-02,0.22081398208104464,0.22081398208104464,0.22081398208104464,0.22081398208104464,0.11979858965410933,0.22038788839326157,0.34335927860721416,0.37893983383695196,0.2761953565950579,0.3400737002305566,1.0,0.1818181818181818
2025-03-03,0.3115007484724097,0.3115007484724097,0.3115007484724097,0.3115007484724097,0.35825404197756705,0.3103960367502853,0.45184272790636104,0.7883876835017976,0.26169661860570315,0.3381460770320256,0.0,0.1818181818181818
2025-03-04,0.2015681742119484,0.2015681742119484,0.2015681742119484,0.2015681742119484,0.31006586548996146,0.2013608764370794,0.31842056390092477,0.0,0.24508947940876868,0.3295770554832189,0.16666666666666666,0.1818181818181818
2025-03-05,0.2085063365409896,0.2085063365409896,0.2085063365409896,0.2085063365409896,0.332189700010558,0.20800719282904362,0.3274964707339487,0.4367893348936984,0.22993692897993923,0.3223560738844816,0.3333333333333333,0.1818181818181818
2025-03-06,0.22931931697226005,0.22931931697226005,0.22931931697226005,0.22931931697226005,0.18687294957884887,0.2294333351643872,0.35414927810981567,0.49597361142580526,0.22598430375409606,0.31407504842144274,0.5,0.1818181818181818
2025-03-07,0.21768591820046101,0.21768591820046101,0.21768591820046101,0.21768591820046101,0.16127687931784715,0.21655438319597847,0.3393559056891142,0.35837172074200496,0.2211644864413621,0.30615375200735495,0.6666666666666666,0.1818181818181818
2025-03-08,0.19934958433721295,0.19934958433721295,0.19934958433721295,0.19934958433721295,0.18119056450470272,0.19836970032020512,0.31549761555644373,0.3291688131825029,0.2167446493471018,0.29638290649718946,0.8333333333333333,0.1818181818181818
2025-03-09,0.21699463474906477,0.21699463474906477,0.21699463474906477,0.21699463474906477,0.06680920201201615,0.21620853720769267,0.33846860838221104,0.48347377185667084,0.21614453167953862,0.28813642356820557,1.0,0.1818181818181818
2025-03-10,0.1625749190675413,0.1625749190675413,0.1625749190675413,0.1625749190675413,0.1359184568341984,0.1623464163833938,0.26550740468140344,0.17633582212053805,0.1927444547517223,0.2773830676004515,0.0,0.1818181818181818
2025-03-11,0.12143497781842028,0.12143497781842028,0.12143497781842028,0.12143497781842028,0.3437079651894204,0.12142816837654308,0.20582063613353796,0.2167768508623621,0.1801534692418637,0.26294597171926404,0.16666666666666666,0.1818181818181818
2025-03-12,0.13399856258937703,0.13399856258937703,0.13399856258937703,0.13399856258937703,0.27228727093430594,0.13453245413749765,0.2245013265665916,0.46897693939526885,0.16844638223650454,0.250426456005615,0.3333333333333333,0.1818181818181818
2025-03-13,0.13082547917302478,0.13082547917302478,0.13082547917302478,0.13082547917302478,0.21162146551136454,0.13063135878254367,0.21982229837716005,0.3913289156082018,0.15297046787948432,0.2369705154218772,0.5,0.1818181818181818
2025-03-14,0.1165723134405906,0.1165723134405906,0.1165723134405906,0.1165723134405906,0.1538032850312572,0.11635903165237577,0.19847757109794184,0.33723483273183863,0.13708292077442563,0.22226541319530768,0.6666666666666666,0.1818181818181818
2025-03-15,0.13082879444728313,0.13082879444728313,0.13082879444728313,0.13082879444728313,0.08531645952935346,0.13071321292886645,0.21982720068396855,0.47798653214651965,0.12631654290037597,0.20975432689347806,0.8333333333333333,0.1818181818181818
2025-03-16,0.1395007990712518,0.1395007990712518,0.1395007990712518,0.1395007990712518,0.019644166345382387,0.13933200191012945,0.23255375001038114,0.4489801212301947,0.11414026882126638,0.19595664690509984,1.0,0.1818181818181818
2025-03-17,0.12400841014953112,0.12400841014953112,0.12400841014953112,0.12400841014953112,0.04743669145807559,0.12383481285903403,0.20968097531154228,0.33232845939329514,0.10808047866179493,0.18023715118319672,0.0,0.1818181818181818
2025-03-18,0.1363433369650363,0.1363433369650363,0.1363433369650363,0.1363433369650363,0.06673811865287421,0.1362605457431985,0.2279422886618434,0.46756383588703954,0.11042296520219175,0.1706336369559004,0.16666666666666666,0.1818181818181818
2025-03-19,0.13741933272810203,0.13741933272810203,0.13741933272810203,0.13741933272810203,0.06276232166137785,0.13731352661351398,0.22951661690937541,0.41190431339505745,0.11096045614461869,0.16122089812019036,0.3333333333333333,0.1818181818181818
2025-03-20,0.17551860362063965,0.17551860362063965,0.17551860362063965,0.17551860362063965,0.1665146175045104,0.17501678797846026,0.28344327148554616,0.5902920516155384,0.11798289512916516,0.15678450517867804,0.5,0.1818181818181818
2025-03-21,0.1517246664849501,0.1517246664849501,0.1517246664849501,0.1517246664849501,0.10012197543609569,0.15170226511559398,0.2501720751990648,0.299175987743428,0.1235062336173165,0.15135473254994902,0.6666666666666666,0.1818181818181818
2025-03-22,0.14686967711635568,0.14686967711635568,0.14686967711635568,0.14686967711635568,0.05185346801717803,0.14675760475543348,0.24321865326167202,0.38388332749645376,0.12602666872213575,0.14682547890253295,0.8333333333333333,0.1818181818181818
2025-03-23,0.151341430443673,0.151341430443673,0.151341430443673,0.151341430443673,0.011449892361644558,0.1511326362078746,0.24962528029686748,0.4279090823686511,0.12788713635287385,0.1429219696318934,1.0,0.1818181818181818
2025-03-24,0.15774493372003462,0.15774493372003462,0.15774493372003462,0.15774493372003462,0.03108906419694863,0.15767293351032258,0.25871538307557174,0.4368366378095239,0.13318801162737515,0.1342827699169694,0.0,0.1818181818181818
2025-03-25,0.18058453882189263,0.18058453882189263,0.18058453882189263,0.18058453882189263,0.11513356384661394,0.18048054174440648,0.29036026034589835,0.513009391538055,0.14013944195323935,0.13310374577943163,0.16666666666666666,0.1818181818181818
2025-03-26,0.1778623055819346,0.1778623055819346,0.1778623055819346,0.1778623055819346,0.08108634083299357,0.17741103538424036,0.28665041373749034,0.39450780558839416,0.14649407284400628,0.1313819253464812,0.3333333333333333,0.1818181818181818
2025-03-27,0.16037652286949988,0.16037652286949988,0.16037652286949988,0.16037652286949988,0.09707156071263942,0.1600004512231053,0.2624227727798383,0.32798559614051936,0.14411486263017148,0.12750818198192704,0.5,0.1818181818181818
2025-03-28,0.15841690869965253,0.15841690869965253,0.15841690869965253,0.15841690869965253,0.07641681763205854,0.158108256513614,0.2596636173827367,0.3976296072168964,0.14516638595066877,0.12417798721298223,0.6666666666666666,0.1818181818181818
2025-03-29,0.12673425470058508,0.12673425470058508,0.12673425470058508,0.12673425470058508,0.1451317415372651,0.126537085852437,0.21375072000167883,0.25941939521919966,0.14200259337428378,0.12009789218629197,0.8333333333333333,0.1818181818181818
2025-03-30,0.1065896551445854,0.1065896551445854,0.1065896551445854,0.1065896551445854,0.0850337044899804,0.10551154985565653,0.18319899541346807,0.3078067406462376,0.13497093883296096,0.11389448017315074,1.0,0.1818181818181818
2025-03-31,0.09946112386462369,0.09946112386462369,0.09946112386462369,0.09946112386462369,0.05367344039118311,0.09939949749091098,0.17211636556282706,0.3704170433794088,0.12581305373194807,0.11034825538547066,0.0,0.1818181818181818
2025-04-01,0.10508054595230132,0.10508054595230132,0.10508054595230132,0.10508054595230132,0.12985267012657334,0.10463788291262827,0.18086495374292344,0.4356988837723851,0.11394943512014566,0.1094293359719638,0.16666666666666666,0.2727272727272727
2025-04-02,0.12978672801394653,0.12978672801394653,0.12978672801394653,0.12978672801394653,0.11757140625188597,0.12961457301481555,0.21828488545614277,0.5328436714064385,0.106395525781949,0.10919268228753609,0.3333333333333333,0.2727272727272727
2025-04-03,0.09660930333100815,0.09660930333100815,0.09660930333100815,0.09660930333100815,0.2001511799680681,0.09664304856243838,0.16764147251126538,0.24469541609035925,0.09637605603223165,0.1072701509214462,0.5,0.2727272727272727
2025-04-04,0.10331671166685497,0.10331671166685497,0.10331671166685497,0.10331671166685497,0.12959746502017652,0.10427826289737568,0.1781287136449743,0.44149600872515765,0.08771839836157957,0.10652534792814627,0.6666666666666666,0.2727272727272727
2025-04-05,0.1021839546922555,0.1021839546922555,0.1021839546922555,0.1021839546922555,0.1565025288657208,0.10221470584632214,0.1763667612540365,0.40090793305032124,0.0838609150016304,0.10491585763443478,0.8333333333333333,0.2727272727272727
2025-04-06,0.10083043135588643,0.10083043135588643,0.10083043135588643,0.10083043135588643,0.017849948529221053,0.09982467388051836,0.17425656689279023,0.3997626387240215,0.08295599286529853,0.10274305506250836,1.0,0.2727272727272727
2025-04-07,0.030755044135965526,0.030755044135965526,0.030755044135965526,0.030755044135965526,0.20053409256070734,0.031578598061441254,0.05707534271557435,0.0461293895340657,0.07216050119347772,0.09750335434369284,0.0,0.2727272727272727
2025-04-08,0.025179373139454897,0.025179373139454897,0.025179373139454897,0.025179373139454897,0.4841212688371727,0.027309282913446697,0.04701118625164291,0.3737323788665524,0.05960597255385258,0.09125729668311933,0.16666666666666666,0.2727272727272727
2025-04-09,0.0,0.0,0.0,0.0,0.18922115811146586,0.0,0.0,0.25599353088267945,0.03921314055236347,0.08353600781972481,0.3333333333333333,0.2727272727272727
2025-04-10,0.05693269222909625,0.05693269222909625,0.05693269222909625,0.05693269222909625,0.3985227788142191,0.057058236791433736,0.10278070041670695,0.7670747482882301,0.032978924797245734,0.07687292731419881,0.5,0.2727272727272727
2025-04-11,0.01565510947750065,0.01565510947750065,0.01565510947750065,0.01565510947750065,0.1677354816451929,0.015916046165698583,0.02953632729780331,0.17548006788798756,0.019205033169152896,0.06922747936803963,0.6666666666666666,0.2727272727272727
2025-04-12,0.028819149844542646,0.028819149844542646,0.028819149844542646,0.028819149844542646,0.09893316593648194,0.028840218851752197,0.053594654658282614,0.48715960621202903,0.007677535997634211,0.06259448091399245,0.8333333333333333,0.2727272727272727
2025-04-13,0.051968052836342926,0.051968052836342926,0.051968052836342926,0.051968052836342926,0.07226528662564644,0.05230502015573435,0.0943012339657443,0.5441925135206234,0.0,0.05701091025763105,1.0,0.2727272727272727
2025-04-14,0.036946653084575565,0.036946653084575565,0.036946653084575565,0.036946653084575565,0.09433908146893838,0.03672772646937428,0.06811199996311146,0.32171032084950996,0.0009728609622884354,0.05022352160953425,0.0,0.2727272727272727
2025-04-15,0.04472554004688867,0.04472554004688867,0.04472554004688867,0.04472554004688867,0.1122822272383906,0.04487793035195081,0.0817759144597554,0.45211885860039924,0.004044066347584363,0.04258990446551181,0.16666666666666666,0.2727272727272727
2025-04-16,0.034683154589015774,0.034683154589015774,0.034683154589015774,0.034683154589015774,0.0725928624960063,0.03538163517926818,0.06409404034446275,0.3490321488100078,0.009493681694536238,0.034544984132364065,0.3333333333333333,0.2727272727272727
2025-04-17,0.031670861432123665,0.031670861432123665,0.031670861432123665,0.031670861432123665,0.08717683227122591,0.031885136846349416,0.05871695497696727,0.3890415738864449,0.005524398553063192,0.02731329721769593,0.5,0.2727272727272727
2025-04-18,0.03338894676748483,0.03338894676748483,0.03338894676748483,0.03338894676748483,0.046900125217184625,0.03365115924193407,0.06178802740545386,0.41685176815635044,0.008310840357478866,0.020288252117310668,0.6666666666666666,0.2727272727272727
2025-04-19,0.03507905989223181,0.03507905989223181,0.03507905989223181,0.03507905989223181,0.0011532374331012507,0.035452345069879765,0.0647982018809925,0.4166502995174029,0.009294433178566375,0.01513834910951306,0.8333333333333333,0.2727272727272727
2025-04-20,0.042791888352936236,0.042791888352936236,0.042791888352936236,0.042791888352936236,0.0,0.04304965972010355,0.07840004788691157,0.451910916117937,0.007852621803923876,0.0115536934685746,1.0,0.2727272727272727
2025-04-21,0.033979672078688794,0.033979672078688794,0.033979672078688794,0.033979672078688794,0.01691972780004667,0.03424138462978227,0.06284136284645125,0.3558940649499077,0.0073864328019317416,0.00787443528563736,0.0,0.2727272727272727
2025-04-22,0.03159319538227767,0.03159319538227767,0.03159319538227767,0.03159319538227767,0.11074392556613491,0.031779185620714856,0.058577861980706025,0.3926913858520925,0.005323003800914772,0.00374534332825327,0.16666666666666666,0.2727272727272727
2025-04-23,0.0858717083633076,0.0858717083633076,0.0858717083633076,0.0858717083633076,0.20913531012638661,0.0865647241589586,0.15057594617839953,0.7271694302688932,0.013366041740866308,0.0012778553450657482,0.3333333333333333,0.2727272727272727
2025-04-24,0.09607563051648604,0.09607563051648604,0.09607563051648604,0.09607563051648604,0.1853732716531921,0.09640904309732273,0.16680141751357702,0.4607140055627065,0.02348568691668862,0.0012478694480478891,0.5,0.2727272727272727
2025-04-25,0.08875629478818936,0.08875629478818936,0.08875629478818936,0.08875629478818936,0.08502472095981828,0.08905823586360745,0.15519459988876871,0.36871227046540195,0.03218532087643278,0.00042975177523052466,0.6666666666666666,0.2727272727272727
2025-04-26,0.09453546449382932,0.09453546449382932,0.09453546449382932,0.09453546449382932,0.11491809034511005,0.09488475106637179,0.16437232674545488,0.43712863140261027,0.04152745076141351,0.0,0.8333333333333333,0.2727272727272727
2025-04-27,0.10420570234409332,0.10420570234409332,0.10420570234409332,0.10420570234409332,0.056266214762208284,0.10444664899548389,0.17950891908962863,0.45705714114708024,0.05117713998971252,0.00018964902372031744,1.0,0.2727272727272727
2025-04-28,0.09599283819428994,0.09599283819428994,0.09599283819428994,0.09599283819428994,0.049035723733483076,0.09631228591152025,0.16667101883958502,0.36471269510653265,0.0609210028470919,0.003855216616976187,0.0,0.2727272727272727
2025-04-29,0.09772312544930739,0.09772312544930739,0.09772312544930739,0.09772312544930739,0.12717350086656354,0.09811484005713417,0.16939204391800278,0.4156939058068102,0.071311715170021,0.00793128987172842,0.16666666666666666,0.2727272727272727
2025-04-30,0.09696970949184647,0.09696970949184647,0.09696970949184647,0.09696970949184647,0.0967401830082901,0.09646880270015773,0.16820831417627424,0.40281063254884214,0.0730554964951986,0.013379803724341999,0.3333333333333333,0.2727272727272727
2025-05-01,0.09609936327060342,0.09609936327060342,0.09609936327060342,0.09609936327060342,0.09291328915512298,0.09653391838571718,0.16683879309455474,0.40219912497234894,0.07305922552107869,0.015580492484251751,0.5,0.36363636363636365
2025-05-02,0.10944260140436968,0.10944260140436968,0.10944260140436968,0.10944260140436968,0.1001960731607763,0.10972413060226088,0.18759385080429425,0.47597694877440405,0.07630957616948797,0.020850204558705343,0.6666666666666666,0.36363636363636365
2025-05-03,0.1102089402856904,0.1102089402856904,0.1102089402856904,0.1102089402856904,0.07149680324542024,0.11046285226713387,0.1887704659573357,0.4105911608781475,0.07877228220726151,0.025423317162669545,0.8333333333333333,0.36363636363636365
2025-05-04,0.10814641553579596,0.10814641553579596,0.10814641553579596,0.10814641553579596,0.017020584302710744,0.10855307771086137,0.18559997073938295,0.39627845040557275,0.07939146957190346,0.02857985531246021,1.0,0.36363636363636365
2025-05-05,0.10030041198040973,0.10030041198040973,0.10030041198040973,0.10030041198040973,0.025494495209217823,0.10046397530778767,0.17342880242815095,0.36687806586361654,0.08006830016851818,0.0321395631301693,0.0,0.36363636363636365
2025-05-06,0.10382895385383395,0.10382895385383395,0.10382895385383395,0.10382895385383395,0.059017946273266196,0.10429705601964395,0.17892427337201866,0.4248842605120249,0.08102768280177208,0.035460453442736184,0.16666666666666666,0.36363636363636365
2025-05-07,0.1026866310087936,0.1026866310087936,0.1026866310087936,0.1026866310087936,0.07438494845584068,0.10315223345401697,0.17714910700505637,0.40086446642004725,0.08192595816355075,0.03928141862083856,0.3333333333333333,0.36363636363636365
2025-05-08,0.10094392603040514,0.10094392603040514,0.10094392603040514,0.10094392603040514,0.4589079636316265,0.10133565521064286,0.1744337128259703,0.3977733916433659,0.08268716353480177,0.043173719155248924,0.5,0.36363636363636365
2025-05-09,0.21626848554228462,0.21626848554228462,0.21626848554228462,0.21626848554228462,0.3373158841097626,0.21587556942486447,0.3375355503328592,1.0,0.09947225660226056,0.053449316613421116,0.6666666666666666,0.36363636363636365
2025-05-10,0.2591072501739119,0.2591072501739119,0.2591072501739119,0.2591072501739119,0.43108168580229145,0.2594008821497083,0.3908837488990171,0.5882597364250345,0.12286800950643928,0.06603696593734054,0.8333333333333333,0.36363636363636365
2025-05-11,0.3312587413548679,0.3312587413548679,0.3312587413548679,0.3312587413548679,0.27120796380671486,0.33208133404787926,0.47373066263245267,0.6937007993066672,0.1579246924779132,0.08224528142923193,1.0,0.36363636363636365
2025-05-12,0.3085616995789834,0.3085616995789834,0.3085616995789834,0.3085616995789834,0.2295454579371379,0.3089678788728711,0.44853764368951676,0.32489545519720336,0.19064789550029893,0.09767343923597371,0.0,0.36363636363636365
2025-05-13,0.30408179308428085,0.30408179308428085,0.30408179308428085,0.30408179308428085,0.28845112011320856,0.30464924945891175,0.443474690540433,0.39007066408729174,0.22211276537365665,0.1129839718449579,0.16666666666666666,0.36363636363636365
2025-05-14,0.358941887490269,0.358941887490269,0.358941887490269,0.358941887490269,0.29671084158740757,0.3589280353144639,0.5034707962962637,0.6117005776487172,0.2623770549115183,0.12832718222999118,0.3333333333333333,0.36363636363636365
2025-05-15,0.3372253855253087,0.3372253855253087,0.3372253855253087,0.3372253855253087,0.25154836209509646,0.3368342063999535,0.48023011957784423,0.3311485013350539,0.29950294738357786,0.1418768544689334,0.5,0.36363636363636365
2025-05-16,0.31893358328223853,0.31893358328223853,0.31893358328223853,0.31893358328223853,0.23034541492102958,0.3193451025429092,0.46014378527117206,0.34128207448811243,0.31563427392724686,0.1548100080432704,0.6666666666666666,0.36363636363636365
2025-05-17,0.319556105471395,0.319556105471395,0.319556105471395,0.319556105471395,0.17477906097321597,0.3210384117295439,0.4608353211516185,0.40899038633338136,0.3251323433340929,0.1674534209803109,0.8333333333333333,0.36363636363636365
2025-05-18,0.2989082677979741,0.2989082677979741,0.2989082677979741,0.2989082677979741,0.13163682253728715,0.2992535413880009,0.43758968678209076,0.331132604373345,0.32004925215435787,0.17839332820055565,1.0,0.36363636363636365
2025-05-19,0.2960155342456018,0.2960155342456018,0.2960155342456018,0.2960155342456018,0.21488173904643063,0.29450066299171446,0.43428110495885264,0.3958250157037616,0.31807792699791304,0.18963216181141995,0.0,0.36363636363636365
2025-05-20,0.31437501700813997,0.31437501700813997,0.31437501700813997,0.31437501700813997,0.22107636039577885,0.31476529119625224,0.4550624556983953,0.4760657861314225,0.31969525713208824,0.20180535319808202,0.16666666666666666,0.36363636363636365
2025-05-21,0.31356637793105024,0.31356637793105024,0.31356637793105024,0.31356637793105024,0.19381907929674527,0.3139268994024392,0.4541578708812386,0.403729654960902,0.31256559790126404,0.21397544171959293,0.3333333333333333,0.36363636363636365
2025-05-22,0.3238931464613558,0.3238931464613558,0.3238931464613558,0.3238931464613558,0.3012775649493188,0.32428277282536416,0.4656374634851055,0.4448101425351639,0.3104707603504965,0.2267746713940766,0.5,0.36363636363636365
2025-05-23,0.3531430479407325,0.3531430479407325,0.3531430479407325,0.3531430479407325,0.26732238102357025,0.3533935079749941,0.4973275157294088,0.5131640161598796,0.3158459468300153,0.2404676613576402,0.6666666666666666,0.36363636363636365
2025-05-24,0.31223799375659855,0.31223799375659855,0.31223799375659855,0.31223799375659855,0.2722952223648169,0.312203532143514,0.45266975849288027,0.2633400010273035,0.31469608331891774,0.25181922776157195,0.8333333333333333,0.36363636363636365
2025-05-25,0.3151056421488728,0.3151056421488728,0.3151056421488728,0.3151056421488728,0.06120255582029894,0.315486102732043,0.4558789346905874,0.41730871075644793,0.31724110729061084,0.263447809707797,1.0,0.36363636363636365
2025-05-26,0.3202211348403703,0.3202211348403703,0.3202211348403703,0.3202211348403703,0.09477320361709732,0.3205547165920197,0.4615734492522643,0.42554475846319784,0.3210444295099001,0.2758046695071972,0.0,0.36363636363636365
2025-05-27,0.32485289159467123,0.32485289159467123,0.32485289159467123,0.32485289159467123,0.08969283067520462,0.3252317954425827,0.46669643761070123,0.42364864971485816,0.3226907730108536,0.288223516514689,0.16666666666666666,0.36363636363636365
2025-05-28,0.3546102339567615,0.3546102339567615,0.3546102339567615,0.3546102339567615,0.23278107821162733,0.3549322999361975,0.49888609377952076,0.5148746110997579,0.3291398180976184,0.3023785474790519,0.3333333333333333,0.36363636363636365
2025-05-29,0.3588311770491829,0.3588311770491829,0.3588311770491829,0.3588311770491829,0.14063809971961586,0.35927802798365144,0.503353928861384,0.42147668165221924,0.3346294810172651,0.3168686626598798,0.5,0.36363636363636365
2025-05-30,0.34598723891119987,0.34598723891119987,0.34598723891119987,0.34598723891119987,0.23920374696636795,0.3463801354878357,0.48968431130280443,0.3620138992488955,0.33350511943109196,0.32415727297312125,0.6666666666666666,0.36363636363636365
2025-05-31,0.3136265028947184,0.3136265028947184,0.3136265028947184,0.3136265028947184,0.19442807463049896,0.31373622224806813,0.4542251632017873,0.2922523342851707,0.3337232899175471,0.3272205893967767,0.8333333333333333,0.36363636363636365
2025-06-01,0.31597518317552487,0.31597518317552487,0.31597518317552487,0.31597518317552487,0.08593740201781289,0.3163478346520738,0.4568496217571596,0.41537457452242915,0.3338599171701656,0.32636184001107926,1.0,0.4545454545454545
2025-06-02,0.31775228670361266,0.31775228670361266,0.31775228670361266,0.31775228670361266,0.06769146104657986,0.3184283097239263,0.4588299638529376,0.41324551341829335,0.3334719976497299,0.32687823880741074,0.0,0.4545454545454545
2025-06-03,0.3390179429555402,0.3390179429555402,0.3390179429555402,0.3390179429555402,0.1145595977803392,0.3392459232904768,0.48217298271134457,0.48473432549390005,0.3356976914253187,0.3288412239243925,0.16666666666666666,0.4545454545454545
2025-06-04,0.3347687255470593,0.3347687255470593,0.3347687255470593,0.3347687255470593,0.11817990215377039,0.33509181462004983,0.47756016073345364,0.39154595372869977,0.33258008029630004,0.32748298733278836,0.3333333333333333,0.4545454545454545
2025-06-05,0.33919839569287014,0.33919839569287014,0.33919839569287014,0.33919839569287014,0.12752588608813986,0.3396412249747874,0.4823683180745295,0.4226047089612843,0.32949526555408526,0.32759384641739986,0.5,0.4545454545454545
2025-06-06,0.2829894339328517,0.2829894339328517,0.2829894339328517,0.2829894339328517,0.2263880549256401,0.2833453671281165,0.4192190781317331,0.206166728214253,0.319596690614682,0.3255742240355568,0.6666666666666666,0.4545454545454545
2025-06-07,0.30079922855701047,0.30079922855701047,0.30079922855701047,0.30079922855701047,0.1448651219947718,0.3011539492211887,0.4397454739594897,0.47520447637287555,0.31758119600588186,0.32452031653974867,0.8333333333333333,0.4545454545454545
2025-06-08,0.3141672516355186,0.3141672516355186,0.3141672516355186,0.3141672516355186,0.04797457824865093,0.31446044779367327,0.4548301316003025,0.4568828431306129,0.31729712347605,0.32537768514744436,1.0,0.4545454545454545
2025-06-09,0.3089532617648957,0.3089532617648957,0.3089532617648957,0.3089532617648957,0.05531781488954877,0.30932025517439427,0.4489787221783077,0.38748842664281585,0.31591457042075677,0.32610462748830116,0.0,0.4545454545454545
2025-06-10,0.3614318692998586,0.3614318692998586,0.3614318692998586,0.3614318692998586,0.15679234781460713,0.3622301465969208,0.5060949756995967,0.6015233382888732,0.31943637454840457,0.32874864810995086,0.16666666666666666,0.4545454545454545
2025-06-11,0.3982120959953014,0.3982120959953014,0.3982120959953014,0.3982120959953014,0.3623419398704968,0.39848953848131013,0.5439333772795356,0.534286192313555,0.32940495927935054,0.33350470409747857,0.3333333333333333,0.4545454545454545
2025-06-12,0.3885732272364414,0.3885732272364414,0.3885732272364414,0.3885732272364414,0.24300502778132196,0.3885666068246985,0.5341805550186809,0.3747466353756538,0.33716301482307054,0.33713893501286396,0.5,0.4545454545454545
2025-06-13,0.3519492903852143,0.3519492903852143,0.3519492903852143,0.3519492903852143,0.22878766305907414,0.3530521602782984,0.49605726459151533,0.2838460741288811,0.3479983813432028,0.337071860411816,0.6666666666666666,0.4545454545454545
2025-06-14,0.3292829953686346,0.3292829953686346,0.3292829953686346,0.3292829953686346,0.3655709564453353,0.32965296282311657,0.47156737296963414,0.3271457902146987,0.3524739134738579,0.33802958141446393,0.8333333333333333,0.4545454545454545
2025-06-15,0.3164836712778164,0.3164836712778164,0.3164836712778164,0.3164836712778164,0.07576986925361742,0.3171619455646176,0.4574167393261108,0.3604542925435427,0.3528378825586266,0.3381070098283232,1.0,0.4545454545454545
2025-06-16,0.3205860952781385,0.3205860952781385,0.3205860952781385,0.3205860952781385,0.0714159960624102,0.32083495331092277,0.4619782504107226,0.421787133287587,0.35466569980286256,0.3381275161494336,0.0,0.4545454545454545
2025-06-17,0.3246018138544775,0.3246018138544775,0.3246018138544775,0.3246018138544775,0.20859035467271722,0.32686868957016896,0.4664195294000244,0.42138867839528327,0.3488787511310192,0.3381134086456298,0.16666666666666666,0.4545454545454545
2025-06-18,0.3108004407391318,0.3108004407391318,0.3108004407391318,0.3108004407391318,0.2272294095115002,0.31136256900517606,0.45105637975239965,0.356526885266668,0.33514413259267695,0.3356518331033572,0.3333333333333333,0.4545454545454545
2025-06-19,0.31269054753909475,0.31269054753909475,0.31269054753909475,0.31269054753909475,0.13836483743599862,0.3128250610434207,0.45317702410752325,0.41370912935827425,0.32322101254357205,0.3330592930166494,0.5,0.4545454545454545
2025-06-20,0.3129424239707801,0.3129424239707801,0.3129424239707801,0.3129424239707801,0.0573473481401248,0.3132952183712349,0.45345921891519403,0.4076402676649877,0.3170920308990961,0.33120257783307894,0.6666666666666666,0.4545454545454545
2025-06-21,0.2782525933576414,0.2782525933576414,0.2782525933576414,0.2782525933576414,0.16769655708399742,0.27855885711196465,0.4136743410782895,0.27861667120557154,0.30907384266750126,0.3292149959671141,0.8333333333333333,0.4545454545454545
2025-06-22,0.23801468862207886,0.23801468862207886,0.23801468862207886,0.23801468862207886,0.1203737211904603,0.2376966515878301,0.365039155149427,0.2509360181182373,0.2967443479255252,0.32483456792667764,1.0,0.4545454545454545
2025-06-23,0.22516328636658323,0.22516328636658323,0.22516328636658323,0.22516328636658323,0.2518896602893102,0.22520828137216625,0.348894158850797,0.3539974398289805,0.28175097116796943,0.31963219644820695,0.0,0.4545454545454545
2025-06-24,0.28367395839715703,0.28367395839715703,0.28367395839715703,0.28367395839715703,0.22250269440051848,0.2840133618843143,0.42001733917516315,0.6513519872536401,0.2753201527530641,0.3165225401637305,0.16666666666666666,0.4545454545454545
2025-06-25,0.2904162364796129,0.2904162364796129,0.2904162364796129,0.2904162364796129,0.1587968338275607,0.29089647686421877,0.42783967179667215,0.4326153921463923,0.27211727015243536,0.314030471740011,0.3333333333333333,0.4545454545454545
2025-06-26,0.28168672560972596,0.28168672560972596,0.28168672560972596,0.28168672560972596,0.11334665000554542,0.28207621149413936,0.4176978241608431,0.3734793370832936,0.2672457725680154,0.31079901799247445,0.5,0.4545454545454545
2025-06-27,0.2810330599990597,0.2810330599990597,0.2810330599990597,0.2810330599990597,0.12164449432475863,0.2813843981474042,0.4169334603996475,0.40419141657568003,0.262231991045765,0.310689093661103,0.6666666666666666,0.4545454545454545
2025-06-28,0.28341505737391715,0.28341505737391715,0.28341505737391715,0.28341505737391715,0.08696621058754483,0.2835363068837237,0.4197155097173484,0.4158957228867871,0.263043146878173,0.3097123154691953,0.8333333333333333,0.4545454545454545
2025-06-29,0.2876149622391557,0.2876149622391557,0.2876149622391557,0.2876149622391557,0.006984762193558848,0.2879508150797741,0.4245984836380412,0.4228527561126288,0.2708366251681277,0.30822040095947023,1.0,0.4545454545454545
2025-06-30,0.30713161256432786,0.30713161256432786,0.30713161256432786,0.30713161256432786,0.05563895192835965,0.3075641114705128,0.44692474301137164,0.48129051010658686,0.2837159567544377,0.3081180465133663,0.0,0.4545454545454545
2025-07-01,0.3028203934088808,0.3028203934088808,0.3028203934088808,0.3028203934088808,0.1220284024328199,0.3031986127194581,0.44204360942204524,0.3906664765133585,0.28672435398115215,0.3048247971060246,0.16666666666666666,0.5454545454545454
2025-07-02,0.2780766258921138,0.2780766258921138,0.2780766258921138,0.2780766258921138,0.08514142491599849,0.27829391098050554,0.41346765573851396,0.31409473843315106,0.2847854838861481,0.2980746503181503,0.3333333333333333,0.5454545454545454
2025-07-03,0.328395258864708,0.328395258864708,0.328395258864708,0.328395258864708,0.18278574590034952,0.32920685584089643,0.470593555945821,0.6015573710335353,0.2921245954138112,0.2946933831573664,0.5,0.5454545454545454
2025-07-04,0.3331794043676105,0.3331794043676105,0.3331794043676105,0.3331794043676105,0.16048476474414589,0.3333776544128468,0.47582832257381735,0.4240193866181109,0.30031812688249404,0.2936387447087745,0.6666666666666666,0.5454545454545454
2025-07-05,0.3090879372938574,0.3090879372938574,0.3090879372938574,0.3090879372938574,0.12279612283562394,0.3092152354724291,0.44913037512608245,0.320085298047112,0.30435199640993504,0.2925040289892846,0.8333333333333333,0.5454545454545454
2025-07-06,0.3115129405029238,0.3115129405029238,0.3115129405029238,0.3115129405029238,0.018073584707363387,0.3121791153374533,0.4518564113540018,0.4157104779412425,0.3081069832515472,0.2922247346031662,1.0,0.5454545454545454
2025-07-07,0.3275883393916389,0.3275883393916389,0.3275883393916389,0.3275883393916389,0.04268403511798869,0.32776382529930376,0.4697074135786572,0.46618196187983385,0.31132126101225077,0.29261817523789346,0.0,0.5454545454545454
2025-07-08,0.3193311604560005,0.3193311604560005,0.3193311604560005,0.3193311604560005,0.11810131701221238,0.31954210273541545,0.46058550399057285,0.37680315757368593,0.31391552703436254,0.29232202886183,0.16666666666666666,0.5454545454545454
2025-07-09,0.3408163284037532,0.3408163284037532,0.3408163284037532,0.3408163284037532,0.10500590532672449,0.34106921565429354,0.48411766479994167,0.48537541797964945,0.32377354744000675,0.2940085553101015,0.3333333333333333,0.5454545454545454
2025-07-10,0.3875137357782089,0.3875137357782089,0.3875137357782089,0.3875137357782089,0.23488185146843518,0.38871434898743124,0.5331016093968381,0.5729715626981957,0.33306258019651,0.29821270503638064,0.5,0.5454545454545454
2025-07-11,0.43988828271201474,0.43988828271201474,0.43988828271201474,0.43988828271201474,0.3735800556306237,0.43878966761175825,0.5848477332956241,0.5826383843538882,0.3498292886453963,0.3053455125234622,0.6666666666666666,0.5454545454545454
2025-07-12,0.4429870503697523,0.4429870503697523,0.4429870503697523,0.4429870503697523,0.4079930324478757,0.4432239726189519,0.5878118493489612,0.4164979341681661,0.3708682820763095,0.31460157790446397,0.8333333333333333,0.5454545454545454
2025-07-13,0.43825492409712696,0.43825492409712696,0.43825492409712696,0.43825492409712696,0.1347713887992772,0.4384682211073448,0.5832811366918431,0.39181514936727546,0.3907827064440642,0.3258526345751882,1.0,0.5454545454545454
2025-07-14,0.44757748259728003,0.44757748259728003,0.44757748259728003,0.44757748259728003,0.1471624085909597,0.44807456300111487,0.5921837093127529,0.43621182493568766,0.40963608596012935,0.33834959713732515,0.0,0.5454545454545454
2025-07-15,0.4588686499171889,0.4588686499171889,0.4588686499171889,0.4588686499171889,0.39575410605729777,0.4591674393323763,0.6028415747381466,0.44206556060328683,0.4315610132931136,0.3481933999975526,0.16666666666666666,0.5454545454545454
2025-07-16,0.49487074148810617,0.49487074148810617,0.49487074148810617,0.49487074148810617,0.4184991409019789,0.4952547295032799,0.6359500235345763,0.5180231199420756,0.45576692258130846,0.35968124716761884,0.3333333333333333,0.5454545454545454
2025-07-17,0.5648725693860115,0.5648725693860115,0.5648725693860115,0.5648725693860115,0.5438919314755193,0.5652400756149041,0.696819566450654,0.6147941473275096,0.48363455552876444,0.37559283441238545,0.5,0.5454545454545454
2025-07-18,0.5987501390181802,0.5987501390181802,0.5987501390181802,0.5987501390181802,0.443244684374472,0.5991578052772946,0.7247678799066968,0.500384907668357,0.5085958377543881,0.3934446555152754,0.6666666666666666,0.5454545454545454
2025-07-19,0.6182370065546177,0.6182370065546177,0.6182370065546177,0.6182370065546177,0.7369512622349529,0.617648273831289,0.7404333444570632,0.45883270148310656,0.5361321118359893,0.412257561502413,0.8333333333333333,0.5454545454545454
2025-07-20,0.6322344206525066,0.6322344206525066,0.6322344206525066,0.6322344206525066,0.23916511822370282,0.6325396795482883,0.7515085294632318,0.4434590797140154,0.5666112782771234,0.43162096789895643,1.0,0.5454545454545454
2025-07-21,0.6811604785928498,0.6811604785928498,0.6811604785928498,0.6811604785928498,0.547095088488019,0.681755486571983,0.7891136531360674,0.5334819640587396,0.6033131727514974,0.45263682396899174,0.0,0.5454545454545454
2025-07-22,0.6831998824731229,0.6831998824731229,0.6831998824731229,0.6831998824731229,0.4603773976052799,0.6834511729334465,0.7906452545219924,0.4117632098630585,0.6385613773114319,0.4740095075242714,0.16666666666666666,0.5454545454545454
2025-07-23,0.6776865705363637,0.6776865705363637,0.6776865705363637,0.6776865705363637,0.5162771633873725,0.6781289818244549,0.7864982962643152,0.39307363760372555,0.6672864445509222,0.4964627079148478,0.3333333333333333,0.5454545454545454
2025-07-24,0.6428766096794667,0.6428766096794667,0.6428766096794667,0.6428766096794667,0.464855335538011,0.642985492539661,0.7598324706255539,0.3201878781743671,0.6795428848933501,0.51413272059491,0.5,0.5454545454545454
2025-07-25,0.6662177540608909,0.6662177540608909,0.6662177540608909,0.6662177540608909,0.461325663206025,0.6664453292588435,0.7778057337492932,0.4665936500581362,0.6901437819200419,0.5328454100653062,0.6666666666666666,0.5454545454545454
2025-07-26,0.6705725972534278,0.6705725972534278,0.6705725972534278,0.6705725972534278,0.4754352387816226,0.6707860625351809,0.7811169854657409,0.41764649524117986,0.6983670488530435,0.5531564348958244,0.8333333333333333,0.5454545454545454
2025-07-27,0.6763436805371799,0.6763436805371799,0.6763436805371799,0.6763436805371799,0.22095128660476723,0.6766251921101565,0.7854851091038162,0.4211462659356897,0.7052977477026324,0.5736554685770909,1.0,0.5454545454545454
2025-07-28,0.7125849898374002,0.7125849898374002,0.7125849898374002,0.7125849898374002,0.22852833254246882,0.7119829081519999,0.812409596759414,0.49689814058902304,0.7102353463950822,0.5952875802350097,0.0,0.5454545454545454
2025-07-29,0.689409251851034,0.689409251851034,0.689409251851034,0.689409251851034,0.36739857997596054,0.6912653096241728,0.7952914251934091,0.35085228613722375,0.7112109979774636,0.6160814510022956,0.16666666666666666,0.5454545454545454
2025-07-30,0.6900925806461715,0.6900925806461715,0.6900925806461715,0.6900925806461715,0.32562018803863574,0.690114220685417,0.795801163530812,0.40839068729932027,0.7131603011446638,0.6357065123611918,0.3333333333333333,0.5454545454545454
2025-07-31,0.6956968057720838,0.6956968057720838,0.6956968057720838,0.6956968057720838,0.25767930740322603,0.6956288600448759,0.799970099674673,0.4204863317571616,0.7214597120450349,0.6530226385494817,0.5,0.5454545454545454
2025-08-01,0.6627134192060213,0.6627134192060213,0.6627134192060213,0.6627134192060213,0.2861270803809039,0.6630995609375299,0.7751316804904054,0.3260301045858208,0.7209090909371151,0.6655426909375957,0.6666666666666666,0.6363636363636364
2025-08-02,0.5991361402580135,0.5991361402580135,0.5991361402580135,0.5991361402580135,0.40773257304202143,0.5991095443764123,0.7250810341681575,0.2465359000181531,0.7096845867941911,0.674316363497693,0.8333333333333333,0.6363636363636364
2025-08-03,0.5736159315797755,0.5736159315797755,0.5736159315797755,0.5736159315797755,0.2517062933942808,0.574196238630915,0.7041220182133046,0.33847471370361293,0.6935434161333945,0.6819219996106378,1.0,0.6363636363636364
2025-08-04,0.6034228444994076,0.6034228444994076,0.6034228444994076,0.6034228444994076,0.14424843762299094,0.6037879665468666,0.7285509306240758,0.4884168999698254,0.6763912363622809,0.6906786063658714,0.0,0.6363636363636364
2025-08-05,0.6683855244631127,0.6683855244631127,0.6683855244631127,0.6683855244631127,0.25577235571907037,0.6686581621956149,0.7794556500896999,0.5796903525082695,0.6730878682349878,0.7024508969017711,0.16666666666666666,0.6363636363636364
2025-08-06,0.6376318779685306,0.6376318779685306,0.6376318779685306,0.6376318779685306,0.26534438804278776,0.6386982832677519,0.7557405192432469,0.32962756429704415,0.6648449429932769,0.7104723299225006,0.3333333333333333,0.6363636363636364
2025-08-07,0.6589559915537355,0.6589559915537355,0.6589559915537355,0.6589559915537355,0.19802607562366462,0.6593335506524269,0.772255026848244,0.461685492950248,0.6590720164127394,0.7157586696637295,0.5,0.6363636363636364
2025-08-08,0.7266225147609557,0.7266225147609557,0.7266225147609557,0.7266225147609557,0.2934489469991128,0.7261969355832192,0.822611201860183,0.5777700021278692,0.6691137785325062,0.7229435360952381,0.6666666666666666,0.6363636363636364
2025-08-09,0.7569143919366985,0.7569143919366985,0.7569143919366985,0.7569143919366985,0.35775668568158825,0.7573943449778135,0.8442128619762919,0.4788387944932465,0.6939047986098928,0.7307355121592898,0.8333333333333333,0.6363636363636364
2025-08-10,0.8321366877021363,0.8321366877021363,0.8321366877021363,0.8321366877021363,0.35584069586342815,0.8312396557256201,0.8955725329513937,0.5812840017366245,0.7345250563910638,0.7419675791304752,1.0,0.6363636363636364
2025-08-11,0.8285714340044779,0.8285714340044779,0.8285714340044779,0.8285714340044779,0.2332951089977365,0.827930485910076,0.893207763508526,0.3989256948909638,0.7699016887433007,0.750250275209448,0.0,0.6363636363636364
2025-08-12,0.8211954947619302,0.8211954947619302,0.8211954947619302,0.8211954947619302,0.4140628140825286,0.8209043016417934,0.8882942336486552,0.39056030633817096,0.7939120640732146,0.7580039439488464,0.16666666666666666,0.6363636363636364
2025-08-13,0.9337626328484019,0.9337626328484019,0.9337626328484019,0.9337626328484019,0.5215618814660657,0.9350782239795967,0.960327591914,0.6546186730078325,0.8404418196741913,0.7723922924356206,0.3333333333333333,0.6363636363636364
2025-08-14,0.9804718137308066,0.9804718137308066,0.9804718137308066,0.9804718137308066,0.587512669746581,0.9809387082415932,0.9884969146467615,0.5011381394062883,0.89096022203944,0.7913610214901747,0.5,0.6363636363636364
2025-08-15,0.9181223579875906,0.9181223579875906,0.9181223579875906,0.9181223579875906,0.6755864468280239,0.922771549211429,0.9506805078142193,0.28481303864677704,0.921049771186658,0.8055149849414853,0.6666666666666666,0.6363636363636364
2025-08-16,0.8812658884195552,0.8812658884195552,0.8812658884195552,0.8812658884195552,0.49092576124907256,0.8809870854389634,0.9274998251393223,0.3313408827277962,0.9405885885658601,0.817353375729569,0.8333333333333333,0.6363636363636364
2025-08-17,0.8801623443265889,0.8801623443265889,0.8801623443265889,0.8801623443265889,0.17449820012993308,0.879930379981015,0.9267958131691456,0.4043901845999747,0.9481346540402776,0.828805496385568,1.0,0.6363636363636364
2025-08-18,0.8981175350855932,0.8981175350855932,0.8981175350855932,0.8981175350855932,0.2510028898247344,0.8991073225227462,0.9381778842502868,0.44448427889265735,0.9590621346649019,0.8392301604192418,0.0,0.6363636363636364
2025-08-19,0.8475370996564244,0.8475370996564244,0.8475370996564244,0.8475370996564244,0.42418015925393465,0.8469759710123794,0.9057116753032615,0.30172785998962726,0.9632010780798655,0.8481150150173067,0.16666666666666666,0.6363636363636364
2025-08-20,0.7752352066162307,0.7752352066162307,0.7752352066162307,0.7752352066162307,0.39892470759703363,0.7756230798988102,0.8570135974003588,0.25074035415025653,0.9382923434176148,0.852898991162814,0.3333333333333333,0.6363636363636364
2025-08-21,0.8514728870666786,0.8514728870666786,0.8514728870666786,0.8514728870666786,0.3795769041797415,0.8524324432238501,0.9082833886951693,0.5809690939802207,0.9180232952638522,0.8616517051936923,0.5,0.6363636363636364
2025-08-22,0.8198894204768468,0.8198894204768468,0.8198894204768468,0.8198894204768468,0.1810428904088216,0.8202269597688543,0.8874211856110668,0.3387860109143345,0.9025883750503297,0.8704830776368011,0.6666666666666666,0.6363636363636364
2025-08-23,1.0,1.0,1.0,1.0,0.6201660619512566,1.0000000000000002,1.0,0.8037826917844473,0.9212445568291469,0.8930067327478854,0.8333333333333333,0.6363636363636364
2025-08-24,0.9835188553253016,0.9835188553253016,0.9835188553253016,0.9835188553253016,0.24787167547956887,0.9837790390748202,0.9903021628625668,0.37492580348462506,0.9374845221731404,0.9160382729057133,1.0,0.6363636363636364
2025-08-25,0.9847771169133699,0.9847771169133699,0.9847771169133699,0.9847771169133699,0.39380034859296137,0.9862090158408425,0.9910465031982705,0.4091645976855517,0.9511009706388357,0.9374657273849452,0.0,0.6363636363636364
2025-08-26,0.8667011891385068,0.8667011891385068,0.8667011891385068,0.8667011891385068,0.47100170104095135,0.8684801026576492,0.9181604403737662,0.17656295051635845,0.9541121418367696,0.9486086466721793,0.16666666666666666,0.6363636363636364
2025-08-27,0.9324404406727447,0.9324404406727447,0.9324404406727447,0.9324404406727447,0.32934434007045915,0.9315226246643984,0.9595163165454466,0.5464397937930682,0.9788131261124865,0.9651732888287907,0.3333333333333333,0.6363636363636364
2025-08-28,0.9019971239231972,0.9019971239231972,0.9019971239231972,0.9019971239231972,0.3362878945775162,0.9032663936233842,0.9406171164269121,0.3451056864383547,0.9867517827839737,0.9788292333851814,0.5,0.6363636363636364
2025-08-29,0.9042054568351379,0.9042054568351379,0.9042054568351379,0.9042054568351379,0.2629179872025604,0.9023798368735825,0.9420024203185626,0.41128012325772906,1.0,0.9888072267704293,0.6666666666666666,0.6363636363636364
2025-08-30,0.8615587380845819,0.8615587380845819,0.8615587380845819,0.8615587380845819,0.3593413466480285,0.8618720669561826,0.9148380044672093,0.31859608511045817,0.9782473182002717,0.9946869615099918,0.8333333333333333,0.6363636363636364
2025-08-31,0.8642395597113361,0.8642395597113361,0.8642395597113361,0.8642395597113361,0.15365853153774547,0.8636203748484554,0.9165716671372408,0.4124305713210931,0.9595054739922092,0.9964907510002086,1.0,0.6363636363636364
2025-09-01,0.8688767647484568,0.8688767647484568,0.8688767647484568,0.8688767647484568,0.18723917400951756,0.869049595401036,0.9195620971096936,0.4165849819271222,0.9412945486781928,0.998755418534468,0.0,0.7272727272727273
2025-09-02,0.8433458841004231,0.8433458841004231,0.8433458841004231,0.8433458841004231,0.2906445726734387,0.8438713020828275,0.9029643908398031,0.3525338978898315,0.9376248297533581,1.0,0.16666666666666666,0.7272727272727273
2025-09-03,0.8500924584263059,0.8500924584263059,0.8500924584263059,0.8500924584263059,0.3044794801842321,0.848598611442414,0.9073822868193497,0.42131119260009914,0.9246858444402161,0.9952987576555778,0.3333333333333333,0.7272727272727273
2025-09-04,0.8870239027200582,0.8870239027200582,0.8870239027200582,0.8870239027200582,0.28072722615814605,0.8883175163085477,0.9311636568094794,0.48622032708347185,0.9223331664030295,0.9900481258829548,0.5,0.7272727272727273
2025-09-05,0.841824809630888,0.841824809630888,0.841824809630888,0.841824809630888,0.27061044938694456,0.8433400152037323,0.9019651246720475,0.3121117552919388,0.9125315628180793,0.9857611351172775,0.6666666666666666,0.7272727272727273
2025-09-06,0.8443617947174105,0.8443617947174105,0.8443617947174105,0.8443617947174105,0.3587299616994917,0.8446014577953116,0.9036311304527294,0.4122070984929589,0.9098294808533643,0.9836875755819552,0.8333333333333333,0.7272727272727273
2025-09-07,0.8343841772815708,0.8343841772815708,0.8343841772815708,0.8343841772815708,0.10224545556395459,0.8347856617056066,0.8970598446614524,0.3851329044113184,0.9051384326426025,0.9811154014607877,1.0,0.7272727272727273
2025-09-08,0.8435931240625587,0.8435931240625587,0.8435931240625587,0.8435931240625587,0.10686753002953528,0.844188471732199,0.9031267024630205,0.4267807461861504,0.9011657226068116,0.9780517952035204,0.0,0.7272727272727273
2025-09-09,0.8452767183328809,0.8452767183328809,0.8452767183328809,0.8452767183328809,0.23234071205919002,0.8448041606979972,0.9042311407137333,0.4103529167274645,0.9014691063096579,0.9779247893682133,0.16666666666666666,0.7272727272727273
2025-09-10,0.8451745829917967,0.8451745829917967,0.8451745829917967,0.8451745829917967,0.25437806191088674,0.8461582359730035,0.904164181195025,0.4064891802817709,0.900696381632221,0.9818545284900724,0.3333333333333333,0.7272727272727273
2025-09-11,0.8565312222412065,0.8565312222412065,0.8565312222412065,0.8565312222412065,0.3248005148608182,0.8568712236855887,0.9115770936034009,0.431253519495715,0.8959051975119657,0.9821387451739629,0.5,0.7272727272727273
2025-09-12,0.8898387625306188,0.8898387625306188,0.8898387625306188,0.8898387625306188,0.31107181310345816,0.8900730958876144,0.9329489662258927,0.47806173856683726,0.9034494240303076,0.9860690442452746,0.6666666666666666,0.7272727272727273
2025-09-13,0.9641487046179007,0.9641487046179007,0.9641487046179007,0.9641487046179007,0.37171342894724907,0.9627639964471664,0.9787596276005761,0.561905097603072,0.9222710274943821,0.984054639122818,0.8333333333333333,0.7272727272727273
2025-09-14,0.9518962478544248,0.9518962478544248,0.9518962478544248,0.9518962478544248,0.27672203571377624,0.9520893146635552,0.9713758622937307,0.38247679326314155,0.9407351952102202,0.9822778346365126,1.0,0.7272727272727273
2025-09-15,0.9346491138551998,0.9346491138551998,0.9346491138551998,0.9346491138551998,0.20427474174664748,0.9347110828614675,0.9608710843630623,0.37229757493182825,0.9550424324060843,0.9794612528348596,0.0,0.7272727272727273
2025-09-16,0.9091742419939397,0.9091742419939397,0.9091742419939397,0.9091742419939397,0.31403199287660044,0.9089853364703409,0.945111062506454,0.35524262287091857,0.9650823762837905,0.9818477198879045,0.16666666666666666,0.7272727272727273
2025-09-17,0.9032245371593952,0.9032245371593952,0.9032245371593952,0.9032245371593952,0.25049334309674504,0.9027706550138408,0.9413873635391816,0.3944623444186613,0.974203516643433,0.9802061427826074,0.3333333333333333,0.7272727272727273
2025-09-18,0.9292834072340821,0.9292834072340821,0.9292834072340821,0.9292834072340821,0.400026857498127,0.930384998042006,0.9575760431561582,0.4605903678956819,0.9856347554842916,0.9817392987896203,0.5,0.7272727272727273
2025-09-19,0.928946271216504,0.928946271216504,0.928946271216504,0.928946271216504,0.26501639978735253,0.9294213676887904,0.9573685789018747,0.4060261008896283,0.9917795506172914,0.9831294305182623,0.6666666666666666,0.7272727272727273
2025-09-20,0.8931624396744913,0.8931624396744913,0.8931624396744913,0.8931624396744913,0.25161491351249815,0.8924945679121186,0.9350521246685535,0.33411370495643244,0.9806257832209163,0.984905172724863,0.8333333333333333,0.7272727272727273
2025-09-21,0.8965336292599246,0.8965336292599246,0.8965336292599246,0.8965336292599246,0.10023397111101615,0.8966863384469839,0.9371799912591507,0.4137329966648257,0.97192689237563,0.9867197051826253,1.0,0.7272727272727273
2025-09-22,0.8879185286079341,0.8879185286079341,0.8879185286079341,0.8879185286079341,0.11769516854977102,0.8879650449021461,0.9317314791398177,0.38880763503400295,0.964584315912986,0.9877896198468055,0.0,0.7272727272727273
2025-09-23,0.8125970424125115,0.8125970424125115,0.8125970424125115,0.8125970424125115,0.5231781991123655,0.813312287860978,0.8825298607246737,0.24917431047667216,0.9494095546999081,0.9860619103304382,0.16666666666666666,0.7272727272727273
2025-09-24,0.802542669292932,0.802542669292932,0.802542669292932,0.802542669292932,0.2707133728485385,0.8035949775356592,0.8757389706468581,0.3844147337977267,0.9335898445614702,0.9833901926761346,0.3333333333333333,0.7272727272727273
2025-09-25,0.7973209810917832,0.7973209810917832,0.7973209810917832,0.7973209810917832,0.27165650602243735,0.7974870637260549,0.8721904127853435,0.3950371838954562,0.9128551544432356,0.9783499835874123,0.5,0.7272727272727273
2025-09-26,0.7122688514627515,0.7122688514627515,0.7122688514627515,0.7122688514627515,0.6377140728878505,0.7138282992998473,0.8121784167234365,0.2157783904669312,0.8788095606666545,0.9710705203770258,0.6666666666666666,0.7272727272727273
2025-09-27,0.7640978116043233,0.7640978116043233,0.7640978116043233,0.7640978116043233,0.418796313693341,0.7633291392705137,0.8492551449210008,0.5316611389210011,0.8585301891327118,0.9665606644008731,0.8333333333333333,0.7272727272727273
2025-09-28,0.7584601609371071,0.7584601609371071,0.7584601609371071,0.7584601609371071,0.12973523214922528,0.7591793202625285,0.8453004434771776,0.3937043424781367,0.8368352971629597,0.9622946615741488,1.0,0.7272727272727273
2025-09-29,0.795290773137769,0.795290773137769,0.795290773137769,0.795290773137769,0.18053235094478584,0.7947594639517603,0.8708066722074275,0.49207508612560225,0.8222810951664729,0.9595806591345555,0.0,0.7272727272727273
2025-09-30,0.817261022966927,0.817261022966927,0.817261022966927,0.817261022966927,0.3221340706200775,0.8176567958213705,0.8856614772053133,0.45611156401996733,0.8230139264301918,0.9580065190748202,0.16666666666666666,0.7272727272727273
2025-10-01,0.7960027730334618,0.7960027730334618,0.7960027730334618,0.7960027730334618,0.31566783516031705,0.7962153734237858,0.8712922132329712,0.3597457183459839,0.8219863405763269,0.9552436636520283,0.3333333333333333,0.8181818181818182
2025-10-02,0.8554815014838528,0.8554815014838528,0.8554815014838528,0.8554815014838528,0.41111525071505056,0.8556482447300324,0.9108946335645598,0.5403748905847262,0.8311248537326738,0.9551846821606145,0.5,0.8181818181818182
2025-10-03,0.8971908247597755,0.8971908247597755,0.8971908247597755,0.8971908247597755,0.3932158262201992,0.8957291235776919,0.9375941814979187,0.49613264848385025,0.860180850386082,0.9555977783028093,0.6666666666666666,0.8181818181818182
2025-10-04,0.9066470791058483,0.9066470791058483,0.9066470791058483,0.9066470791058483,0.44643378479017753,0.9068844149382114,0.943531418101486,0.42635040852719586,0.8825790054869763,0.9523668889375423,0.8333333333333333,0.8181818181818182
2025-10-05,0.8982928363482403,0.8982928363482403,0.8982928363482403,0.8982928363482403,0.1689554363195367,0.8983394138611234,0.93828825491694,0.3894802530136563,0.9045503141224135,0.9493550316094213,1.0,0.8181818181818182
2025-10-06,0.9065167354978656,0.9065167354978656,0.9065167354978656,0.9065167354978656,0.3850264812851037,0.9068837892105583,0.9434498642227833,0.42377673890462214,0.9220267726118337,0.9477743353900538,0.0,0.8181818181818182
2025-10-07,0.958278900018702,0.958278900018702,0.958278900018702,0.958278900018702,0.39387815761320655,0.9593479979552464,0.975230359428167,0.5134736087177143,0.9441843068985017,0.9505334176939795,0.16666666666666666,0.8181818181818182
2025-10-08,0.888352534334165,0.888352534334165,0.888352534334165,0.888352534334165,0.4883659872670802,0.8882512731954648,0.9320068061844733,0.26782710323260894,0.9586948288632785,0.9496977926948535,0.3333333333333333,0.8181818181818182
2025-10-09,0.910166856582832,0.910166856582832,0.910166856582832,0.910166856582832,0.3442125091154323,0.9102873787300045,0.945730702180593,0.4523198237988632,0.9672873041998588,0.948623675925985,0.5,0.8181818181818182
2025-10-10,0.8628366091109698,0.8628366091109698,0.8628366091109698,0.8628366091109698,0.4110129850835694,0.862815467416054,0.9156648374566085,0.30935164718119534,0.9618893736179756,0.9449091199923723,0.6666666666666666,0.8181818181818182
2025-10-11,0.7040998368216702,0.7040998368216702,0.7040998368216702,0.7040998368216702,0.9365196388324034,0.7058176720500087,0.8061825920110577,0.06830996637811643,0.930063994031996,0.9342861098167936,0.8333333333333333,0.8181818181818182
2025-10-12,0.6783648340926396,0.6783648340926396,0.6783648340926396,0.6783648340926396,0.5357757269011361,0.6798243864650415,0.7870095709712563,0.3442232644971137,0.8955076501665459,0.9220276869659247,1.0,0.8181818181818182
2025-10-13,0.800618457704068,0.800618457704068,0.800618457704068,0.800618457704068,0.5740826987359839,0.7985753165243918,0.8744330545331751,0.7103932146183197,0.8788683079060348,0.9171224887535501,0.0,0.8181818181818182
2025-10-14,0.8263753486493275,0.8263753486493275,0.8263753486493275,0.8263753486493275,0.4514251961576093,0.8260656936357709,0.891747824382656,0.46437701715774166,0.8581428685283935,0.9178966613564201,0.16666666666666666,0.8181818181818182
2025-10-15,0.7914337930691955,0.7914337930691955,0.7914337930691955,0.7914337930691955,0.6313167593877337,0.7927191224615231,0.8681715631175315,0.33007264372370787,0.842914442335232,0.9172724781314812,0.3333333333333333,0.8181818181818182
2025-10-16,0.7480329933769216,0.7480329933769216,0.7480329933769216,0.7480329933769216,0.4337040834236639,0.7475726302124008,0.8379366436203695,0.3088139962793395,0.8174390436969731,0.9145030949370883,0.5,0.8181818181818182
2025-10-17,0.7203501818421192,0.7203501818421192,0.7203501818421192,0.7203501818421192,0.4322458491825096,0.7206310248072205,0.8180681379068435,0.3419832692968048,0.7950507624123583,0.9149571670463097,0.6666666666666666,0.8181818181818182
2025-10-18,0.702792855551253,0.702792855551253,0.702792855551253,0.702792855551253,0.5180536036747726,0.7037169172441318,0.8052193276150366,0.3646772764141094,0.7948454020501349,0.9115125769362702,0.8333333333333333,0.8181818181818182
2025-10-19,0.7201416353057533,0.7201416353057533,0.7201416353057533,0.7201416353057533,0.16072725969431215,0.719697282166269,0.8179166650490242,0.4488823623129745,0.8014096116710686,0.9093595435941242,1.0,0.8181818181818182
2025-10-20,0.7486054192820619,0.7486054192820619,0.7486054192820619,0.7486054192820619,0.26339977079052973,0.74814480430621,0.8383425743841082,0.4748650762937412,0.7932370259941034,0.9067363966492692,0.0,0.8181818181818182
2025-10-21,0.7467332743585513,0.7467332743585513,0.7467332743585513,0.7467332743585513,0.33484694209930166,0.7473078001286766,0.8370142315863465,0.40233464619054893,0.780723208394145,0.9027735981908629,0.16666666666666666,0.8181818181818182
2025-10-22,0.7165644118382897,0.7165644118382897,0.7165644118382897,0.7165644118382897,0.4475157797559716,0.7162586951565961,0.8153141786046243,0.3360931301536495,0.7689593035876904,0.8983101320871802,0.3333333333333333,0.8181818181818182
2025-10-23,0.6940213940387763,0.6940213940387763,0.6940213940387763,0.6940213940387763,0.399865405269999,0.6941660873188156,0.7987259380430993,0.352564491014355,0.7604726926045072,0.8892380451780928,0.5,0.8181818181818182
2025-10-24,0.7101183266234248,0.7101183266234248,0.7101183266234248,0.7101183266234248,0.2949267216328567,0.710216161367037,0.8106041313335632,0.44614244097389305,0.7588650050718039,0.8787268545920814,0.6666666666666666,0.8181818181818182
2025-10-25,0.7331657575299302,0.7331657575299302,0.7331657575299302,0.7331657575299302,0.27206363037532155,0.7334022529563764,0.8273244887088795,0.4623775835147311,0.763637368909979,0.8689793222056348,0.8333333333333333,0.8181818181818182
2025-10-26,0.7388185428494953,0.7388185428494953,0.7388185428494953,0.7388185428494953,0.0791831774496766,0.739718304493078,0.8313752035603184,0.42009472305062256,0.7665719912991494,0.8600188137972149,1.0,0.8181818181818182
2025-10-27,0.8011728542172811,0.8011728542172811,0.8011728542172811,0.8011728542172811,0.22599375619668036,0.8028757834280633,0.8748095180172717,0.5536451447421091,0.7748316869227875,0.8540997737232257,0.0,0.8181818181818182
2025-10-28,0.7897415788367064,0.7897415788367064,0.7897415788367064,0.7897415788367064,0.347772302841526,0.7888197708603255,0.8670128236376033,0.38112785205933236,0.7815893973706362,0.8446300338018149,0.16666666666666666,0.8181818181818182
2025-10-29,0.7477823440929239,0.7477823440929239,0.7477823440929239,0.7477823440929239,0.3336747371146492,0.7491970864794757,0.8377588362296953,0.3119351951102711,0.7864945371922843,0.8367317052123253,0.3333333333333333,0.8181818181818182
2025-10-30,0.7224824793292768,0.7224824793292768,0.7224824793292768,0.7224824793292768,0.3102988122390625,0.722523390019242,0.8196153191271867,0.3475424592403116,0.7909665054727918,0.8261861344898396,0.5,0.8181818181818182
2025-10-31,0.6941716589679876,0.6941716589679876,0.6941716589679876,0.6941716589679876,0.34488623205445484,0.6940111052890441,0.7988375999901596,0.3390576943219479,0.7884608739690376,0.8167092233789355,0.6666666666666666,0.8181818181818182
2025-11-01,0.7075738706225738,0.7075738706225738,0.7075738706225738,0.7075738706225738,0.30255840754598623,0.7078866226530234,0.8087376574834302,0.43953684465439496,0.7844397305263372,0.816904421667018,0.8333333333333333,0.9090909090909091
2025-11-02,0.7149933831343014,0.7149933831343014,0.7149933831343014,0.7149933831343014,0.08059830495130255,0.7152133166541885,0.8141686816449161,0.4246704365093651,0.780696185350991,0.8189624989563122,1.0,0.9090909090909091
2025-11-03,0.726275217527238,0.726275217527238,0.726275217527238,0.726275217527238,0.11333092323202967,0.7254826025166266,0.8223602942216441,0.4338443130126388,0.7689278408854113,0.8147853164518548,0.0,0.9090909090909091
2025-11-04,0.634139500833359,0.634139500833359,0.634139500833359,0.634139500833359,0.467687936647087,0.6332107342571296,0.7530046793925491,0.187257336195104,0.7444787536454288,0.8039840086487999,0.16666666666666666,0.9090909090909091
2025-11-05,0.5436141899097703,0.5436141899097703,0.5436141899097703,0.5436141899097703,0.6959272616271204,0.5427630976640847,0.6787956297003328,0.17256692076620467,0.712398687123806,0.7900595723703054,0.3333333333333333,0.9090909090909091
2025-11-06,0.5826112443894023,0.5826112443894023,0.5826112443894023,0.5826112443894023,0.4289791988586323,0.5832972605205458,0.7115693351336292,0.5168756267888304,0.6904213197949743,0.7807648895708499,0.5,0.9090909090909091
2025-11-07,0.5472398287417508,0.5472398287417508,0.5472398287417508,0.5472398287417508,0.3142204362283008,0.5465083178995056,0.681897068975041,0.3106038413020381,0.6673345514071235,0.7710382010838897,0.6666666666666666,0.9090909090909091
2025-11-08,0.5845948374882661,0.5845948374882661,0.5845948374882661,0.5845948374882661,0.36990308633229046,0.5852036310003996,0.7132027404257313,0.5118486251167872,0.6480113833082711,0.7643969154479682,0.8333333333333333,0.9090909090909091
2025-11-09,0.5747993777076181,0.5747993777076181,0.5747993777076181,0.5747993777076181,0.1720070811742494,0.5751073602410524,0.7051055799192198,0.38014671661832633,0.6259833004370013,0.7562304549311387,1.0,0.9090909090909091
2025-11-10,0.6268548719610367,0.6268548719610367,0.6268548719610367,0.6268548719610367,0.22796986086177426,0.6261660407431375,0.747269294569409,0.5492382243314666,0.6103618078877501,0.7493895605207281,0.0,0.9090909090909091
2025-11-11,0.6233871595740255,0.6233871595740255,0.6233871595740255,0.6233871595740255,0.2921905033004581,0.6236437968100688,0.7445252749796021,0.39767933746778245,0.6086723386155092,0.7424590146977972,0.16666666666666666,0.9090909090909091
2025-11-12,0.579362375174054,0.579362375174054,0.579362375174054,0.579362375174054,0.34287539704847975,0.5784891039927034,0.7088871593047665,0.2916867973866488,0.614289297665238,0.7347499352204088,0.3333333333333333,0.9090909090909091
2025-11-13,0.5772280209187146,0.5772280209187146,0.5772280209187146,0.5772280209187146,0.29061736131982796,0.5778110757077743,0.7071204308929913,0.40089222251985573,0.6134434548464528,0.7281875734821628,0.5,0.9090909090909091
2025-11-14,0.5254430810716415,0.5254430810716415,0.5254430810716415,0.5254430810716415,0.4681590280087951,0.5300956177067715,0.6630771283426125,0.26526146962915376,0.6100186253572034,0.7178110792253831,0.6666666666666666,0.9090909090909091
2025-11-15,0.4869881814117756,0.4869881814117756,0.4869881814117756,0.4869881814117756,0.4362028349485103,0.49200086729602205,0.6288115921925073,0.29602722187359576,0.5946821100597294,0.7039789048204941,0.8333333333333333,0.9090909090909091
2025-11-16,0.505902491360238,0.505902491360238,0.505902491360238,0.505902491360238,0.1532195688307925,0.5056844579507302,0.6458397457906031,0.4634127456797185,0.5838566377621549,0.6908918662010579,1.0,0.9090909090909091
2025-11-17,0.4855246059252707,0.4855246059252707,0.4855246059252707,0.4855246059252707,0.275416800016552,0.48588505049192793,0.6274794887526847,0.34684333655692445,0.5616500191340664,0.6731562881284345,0.0,0.9090909090909091
2025-11-18,0.4615853915544441,0.4615853915544441,0.4615853915544441,0.4615853915544441,0.3781114790561646,0.46158052071893735,0.6053859153610013,0.33482926610693997,0.5362268011882941,0.654717916583363,0.16666666666666666,0.9090909090909091
2025-11-19,0.4901512926089884,0.4901512926089884,0.4901512926089884,0.4901512926089884,0.38694654414850926,0.48960852337311295,0.6316833788977707,0.49476482529363414,0.5222094463534853,0.6402421966886707,0.3333333333333333,0.9090909090909091
2025-11-20,0.4605270415064143,0.4605270415064143,0.4605270415064143,0.4605270415064143,0.3720975239670654,0.4591085051930646,0.6043956415013909,0.31820251572586145,0.5038727219134597,0.6255234990744911,0.5,0.9090909090909091
2025-11-21,0.40522999350785527,0.40522999350785527,0.40522999350785527,0.40522999350785527,0.398913581861067,0.4079599871205822,0.5509637933546205,0.23605496499174883,0.48498415498075165,0.6092885049190309,0.6666666666666666,0.9090909090909091
2025-11-22,0.38517762494929675,0.38517762494929675,0.38517762494929675,0.38517762494929675,0.48962594246025687,0.3857250746628928,0.5307177034656076,0.340767933294999,0.46898709884343714,0.591173771774149,0.8333333333333333,0.9090909090909091
2025-11-23,0.3863338987190301,0.3863338987190301,0.3863338987190301,0.3863338987190301,0.1107686609689606,0.3871267564296316,0.5318984779452531,0.41060489075785495,0.450199798634092,0.5727071210745298,1.0,0.9090909090909091
2025-11-24,0.3956246557284654,0.3956246557284654,0.3956246557284654,0.3956246557284654,0.1642827815690911,0.39612323610658956,0.5413264276985021,0.4379626276584659,0.43607420498241556,0.5541285961333307,0.0,0.9090909090909091
2025-11-25,0.44134201701904596,0.44134201701904596,0.44134201701904596,0.44134201701904596,0.3012951982809963,0.4430536900739697,0.5862395984705495,0.5587827649254391,0.4328934503524102,0.5432957312437057,0.16666666666666666,0.9090909090909091
2025-11-26,0.4418538969620892,0.4418538969620892,0.4418538969620892,0.4418538969620892,0.1991508649301648,0.44204939652562,0.586729145852293,0.4083240910017788,0.4253046876907085,0.5375780450850389,0.3333333333333333,0.9090909090909091
2025-11-27,0.4634243851215958,0.4634243851215958,0.4634243851215958,0.4634243851215958,0.17440832067121004,0.46302324231769704,0.6071038522614289,0.4746921504584545,0.4257599348681289,0.5308811986453292,0.5,0.9090909090909091
2025-11-28,0.45989076162727915,0.45989076162727915,0.45989076162727915,0.45989076162727915,0.12483055754219777,0.4602364076245589,0.6037997275555327,0.3958396503686234,0.43434854695804914,0.5259732474440719,0.6666666666666666,0.9090909090909091
2025-11-29,0.4651095025580243,0.4651095025580243,0.4651095025580243,0.4651095025580243,0.16443394082983379,0.46528498088432374,0.6086749686066266,0.42282711750750646,0.446907900110578,0.5192596303159691,0.8333333333333333,0.9090909090909091
2025-11-30,0.45263055000956365,0.45263055000956365,0.45263055000956365,0.45263055000956365,0.08186982347066207,0.4528068564409608,0.5969700555947144,0.36839336083861784,0.45732480862439673,0.5123952336547994,1.0,0.9090909090909091
2025-12-01,0.453107393006587,0.453107393006587,0.453107393006587,0.453107393006587,0.0745983073685173,0.45450707725534584,0.5974203261534958,0.4081945479232201,0.4663568246266224,0.5026327464729685,0.0,0.9999999999999999
2025-12-02,0.39539291854369574,0.39539291854369574,0.39539291854369574,0.39539291854369574,0.3537019490529864,0.3961654963250231,0.5410925486291749,0.22711168503036655,0.4591370398291581,0.48982225351512,0.16666666666666666,0.9999999999999999
2025-12-03,0.45397608894036956,0.45397608894036956,0.45397608894036956,0.45397608894036956,0.24463935398768935,0.45601441716375696,0.598239994519286,0.6016333839059191,0.4610417478704635,0.4827770749634668,0.3333333333333333,0.9999999999999999
2025-12-04,0.5134358537070984,0.5134358537070984,0.5134358537070984,0.5134358537070984,0.27868122541817686,0.5138384881502887,0.6525270597839121,0.591559005141213,0.4688998354624576,0.4791927339505655,0.5,0.9999999999999999
2025-12-05,0.4950578776403671,0.4950578776403671,0.4950578776403671,0.4950578776403671,0.2489674613753343,0.4956243873971607,0.6361187598910911,0.35314612386461836,0.47442549359257635,0.47748545646487095,0.6666666666666666,0.9999999999999999
2025-12-06,0.46198870229852196,0.46198870229852196,0.46198870229852196,0.46198870229852196,0.24560680614946942,0.4627360075485388,0.6057629774883075,0.30842967790386416,0.47393513563089484,0.47608079093611466,0.8333333333333333,0.9999999999999999
2025-12-07,0.466962742148042,0.466962742148042,0.466962742148042,0.466962742148042,0.0677624463657863,0.46701269725208355,0.6103994527487933,0.42203559695689463,0.47618709152011074,0.4738928524127166,1.0,0.9999999999999999
